/*
 Navicat Premium Data Transfer

 Source Server         : localhost
 Source Server Type    : MySQL
 Source Server Version : 80032 (8.0.32)
 Source Host           : localhost:3306
 Source Schema         : xzt

 Target Server Type    : MySQL
 Target Server Version : 80032 (8.0.32)
 File Encoding         : 65001

 Date: 10/11/2023 16:05:04
*/

SET NAMES utf8;
SET FOREIGN_KEY_CHECKS = 0;

-- ----------------------------
-- Table structure for act_evt_log
-- ----------------------------
DROP TABLE IF EXISTS `act_evt_log`;
CREATE TABLE `act_evt_log`  (
  `LOG_NR_` bigint NOT NULL AUTO_INCREMENT,
  `TYPE_` varchar(64) CHARACTER SET utf8mb3 COLLATE utf8mb3_bin NULL DEFAULT NULL,
  `PROC_DEF_ID_` varchar(64) CHARACTER SET utf8mb3 COLLATE utf8mb3_bin NULL DEFAULT NULL,
  `PROC_INST_ID_` varchar(64) CHARACTER SET utf8mb3 COLLATE utf8mb3_bin NULL DEFAULT NULL,
  `EXECUTION_ID_` varchar(64) CHARACTER SET utf8mb3 COLLATE utf8mb3_bin NULL DEFAULT NULL,
  `TASK_ID_` varchar(64) CHARACTER SET utf8mb3 COLLATE utf8mb3_bin NULL DEFAULT NULL,
  `TIME_STAMP_` timestamp(3) NOT NULL,
  `USER_ID_` varchar(255) CHARACTER SET utf8mb3 COLLATE utf8mb3_bin NULL DEFAULT NULL,
  `DATA_` longblob NULL,
  `LOCK_OWNER_` varchar(255) CHARACTER SET utf8mb3 COLLATE utf8mb3_bin NULL DEFAULT NULL,
  `LOCK_TIME_` timestamp(3) NULL DEFAULT NULL,
  `IS_PROCESSED_` tinyint NULL DEFAULT 0,
  PRIMARY KEY (`LOG_NR_`) USING BTREE
) ENGINE = InnoDB CHARACTER SET = utf8mb3 COLLATE = utf8mb3_bin ROW_FORMAT = Dynamic;

-- ----------------------------
-- Records of act_evt_log
-- ----------------------------

-- ----------------------------
-- Table structure for act_ge_bytearray
-- ----------------------------
DROP TABLE IF EXISTS `act_ge_bytearray`;
CREATE TABLE `act_ge_bytearray`  (
  `ID_` varchar(64) CHARACTER SET utf8mb3 COLLATE utf8mb3_bin NOT NULL,
  `REV_` int NULL DEFAULT NULL,
  `NAME_` varchar(255) CHARACTER SET utf8mb3 COLLATE utf8mb3_bin NULL DEFAULT NULL,
  `DEPLOYMENT_ID_` varchar(64) CHARACTER SET utf8mb3 COLLATE utf8mb3_bin NULL DEFAULT NULL,
  `BYTES_` longblob NULL,
  `GENERATED_` tinyint NULL DEFAULT NULL,
  PRIMARY KEY (`ID_`) USING BTREE,
  INDEX `ACT_FK_BYTEARR_DEPL`(`DEPLOYMENT_ID_` ASC) USING BTREE,
  CONSTRAINT `ACT_FK_BYTEARR_DEPL` FOREIGN KEY (`DEPLOYMENT_ID_`) REFERENCES `act_re_deployment` (`ID_`) ON DELETE RESTRICT ON UPDATE RESTRICT
) ENGINE = InnoDB CHARACTER SET = utf8mb3 COLLATE = utf8mb3_bin ROW_FORMAT = Dynamic;

-- ----------------------------
-- Records of act_ge_bytearray
-- ----------------------------
INSERT INTO `act_ge_bytearray` VALUES ('2502', 1, 'BPMN/outInventory.png', '2501', 0x89504E470D0A1A0A0000000D4948445200000385000002740806000000A56986A80000332849444154785EEDDD79B45F757D2FFCCDE044B54551AEA28FD2DAEBA3D5EAED6D6DB5D63ADCAEDA765DAB4FC97838C9C9784E923324278430631805125002484612200408831042424E02A98257AB142B8A5C3562577B7D56CBF5E96D9FC72A83B09FFDD939BF7D4FBEBF249CC49C9C61BF5E6BBDD7EFFCF69CECDF3FEFF5DD4396010000000000000000000000000000000000000000000000000000000000000000000000000000000000000000406D6CCA8EC9AECF4E2EF2A16C55F6EEECDAEC847411000000C68AEBB337672BB38E22DB8B3C5D24DF479E2BF2DD225717F958B6243B36DD0C000000A3C9EAECE345C17B781F057030F9976C457669B62E3B3EDD2C00000023D9EAECBD45A9DBD62878C7AE3C36FFD35BFE345FB7755DBE63C78E03A66F475FBEE8EE45F971AB8F6B94C39F14E57061B6297B79BA1B000000469A95D9DC22CF370AE1AFACFE95FCEA2D573795BF97CADAAD6BF3BFBAEDAF068E1C7E3D5B9B9D94EE0E0000809120EE015C955DDF2871BFB9FE37F32DDBB754256FD9E665F93B6F7C677A8968538E5D756CDE727B4BBE7DC7F672BDF88CEF47AD3C2AE6FFB8D8C7FBD35D030000309C96644717856D7394BA5F5DF3ABF98DDB6E2C0BDDEDDB6ECFA76D9AD654FC069BD7AC7E4DBE7EEBFA725B9BFB36E7C7AF393EA6FF2C5B91FD717A080000000C9715D9D246919B77D7BCB2C4C5BD81EFBBE97D8D11BE43CE3BD6BFA31A71ECBEAB3B3FF1861363FAD3E52B2D00000018662BB3B6286F314238EB8E596579DBB06D43F93D2D78BF4C5A6F6F2DB77DEFF67B1B0FA1793CBB2E7B757A380000001C29F1E09795D94FA3B44DB87D427EF7F6BBF37BFAEEC95FBFF6F54DA5EE97CDAB57BFBABC84348AE127367EA231FD73E92101000070A4ACC85645398B87CA342E197DE30D6F6C2A74872B7129E945F75E943FD0F7407ED20D27C5B4675C460A0000301C5667EFCAFA5F3D71DD96EBCA87CA7CF2D64F3615B9C39D78F84C94C228A127AC39212F8AE986F4D0000000186AABB23551D24E5C7B62F9DA88DEBB7BF3D7AF39FC978DEE2BCBB72C2F4BE147367C24BEBF501CC9DBD2C303000060A86CCA8E29CAD8D32F5BF5B27CF3F63DF7F9BD76CD6B9BCADB50E5C31B3E5CEEF3B2CD97ED99B622EB4E0F11000080A1B23AFB7094B1B7AF7B7BF5B4D1B4B80D65DE72C35BCAFDDEF6C06D8D693BD34304000060A8ACCCAE88323665D394B29C4DBF637A53711BEA5C72EF25E5BEA32016DF9F2BF26BE961020000301456669BA3985DB1F98AB298FDA79BFE5353691BEA7CF0E60F96FB8E4B49FBA7FDE7F430010000180A2BB36F44115B79FFCAB298BDED86B73595B6A1CE5B6F786BB9EFBFD8F8177BA6ADCAFE6B7A980000000C8595D98FA388C5CBEAA398BD62F52B9A4ADB50E7E8954797FB9E70FB843DD35665B3D3C30400006028C44BE38B22765FDF7D65313B7AD5D14DA5ED4824DE57D8B2A965CFF755D959E9610200003014FA470A87B3141A29040000182EFDF714DEFAC0AD47FC1D858DB8A710000060B8F43F7D74C5961565313B79DDC94DA56DA8E3E9A3000000C3A5FF3D85A7DF7DFA9ED1BA5BFB47EB8E60BCA710000060B8ACCE3E1CC5AC75536B59CC66DD31ABA9B40D65E27EC27BB7DF9BF7EDE8CB5FBEEAE5316D677A880000000C954DD93145117B3ADE4F18A5F0F66DB73715B7A14C5C321AFBBD6CF3657BA6ADC8BAD3430400006028ADCAD644216BBBA3AD2C687FBEF1CF9BCADB5065F996E5E53E3FB2E123F1FD85E248DE961E1E000000436975F6AEA2903DFFEAD5AFCEEFEFBB3FBFE0DE0BF2B7AF7B7B53813BDC79CDEAD794EF278C5278C29A13629470437A680000001C092BB25551D4FEF2D6BF2C4BDACDDB6ECE8F5A795453913B5C79C7FA77E417DD7B51590A4FBAE1A498F64C767D76727A580000001C096BB3938A62F6D313D69E906FDFB1BD2C86BF77D3EF3595B9C395AEBBBACA42B874F3D2C6B4CFA587040000C091B4326B8B82F6819B3F905FB7E5BAB2184ED934A5A9D0FDB269BD7DCF934EE3A9A3C7AD3E2EA63D9E5D97BD3A3D1C0000008EB415D9D2286E71E9E8AAADABCAF276C70377E4AF5DF3DAA67277B0894B46B76CDF526EB3FBAEEEFCC41B4E8CE94FBB6C14000060A458921D5D14B5CD51E2DE77D3FBCA0217B9F2BE2BF33FD8F0074D456FB08987CAACDFBABEDCD6E6BECDF9F16B8E8FE93F2B4AE81FA787000000C0705A921D9BADCAAE6F14BA784545A31C6EEDDB9A2FBC7B61FEA61BDED454FCD21CBBEAD8BCE5F696EA1EC5F88CEFFD0FB0F971B18FF7A7BB06000060A45899CD2DF27C14BCF63BDBCBCB481BE5305E5DD1796767FEA7B7FC69FEFA35AFAF8AE01BD6BE217FCF8DEFC97BEEEC29EF196C2C1FF9D46D9F6A2CF7F5F2C1360000008C70ABB3F716256E5BA3F4C565A0AD9B5AF34D0F6CDAABF0ED2B7D3BFAF245772F6A3C4C26F2936C45B630DB94BD3CDD0D00000023D9EAECE345A97BB8510E0F32FF5294C14BB375D9F1E966010000184DAECFDE5C94BC8E22DBB378726873018C3C57E4BB45AE2EF2B1F21E45000000469F1D3B76BCB5AFAF6F4EF1B92A9D57DA941D53BE52E2FAEC43D9AAECDDD9B5D909E9220000008C523B77EE5CD8B847F0C1071F7C7B3A1F00008031AC2885EF6D94C2E2EF8E743E00000063589EE7471585F09FFA8BE19DE97C000000C6B8A20C6EE82F85FFCF92254B8E4EE70300003086F5F5F54D1B7009E9FBD3F90000008C61BB76ED7A4BF542FABEBEB3D3F90000008C7145217CB2BF183E94CE030000608C2BCAE0F2FE52F8CC7DF7DD775C3A1F00008031ACAFAFEF2F07DC57F867E97C000000C6B0AD5BB7FE6A51089FEB2F85CBD2F90000008C7145217CA4BF14FE5D3A0F00008031AE28844BFA2F217DB12886FF219D0F0000C0185694C13F6ADC5758A4259D0F0000C018F6E8A38FBEAC2883FF6F7F29BC219D0F0000C018B773E7CECDFDA5F01FD2790000008C714529EC695C42BA7DFBF677A6F301000018C38A32F8AE01F71576A5F301000018E38A32F83FFA4BE13DE93C000000C6B8BEBEBEF5FDA5F05F77EDDA756C3A1F00008031AC2885AD8D4B481F7CF0C13F4CE70300003086EDDAB5EB8D45217C314A615110CF4FE76FDDBAF515E934000000C690A2103EDE3F5AF8F0A64D9B5E5E7C7EB4C8C545BE56E4A67479000000C690A2F8DDD05F0A7F51E4A78DCB49FB470FE7A7CB030000308AEDDAB5EB2D45D99B5694BE0D45FE6960094C532CF7A1747D00000046A9A2101E5F94BD1FA6E56F3F79FEBEFBEE3B2EDD06000000A3585F5FDF7F2C0ADFFFDC47094CF378BA2E00000063C0F6EDDBFFA0287DFFBE8F22383037A4EB010000304614C5F0933BF63C5C262D838DCC4DD7010000600CD9B97367C73ECA609962DEFBD3E5010000186376EC7927615A0A9FF5E27A0000809A284AE08DC928E1A3E9320000008C518F3EFAE8CB8A32B8BD510AFBFAFA56A4CB00000030863DF2C823AF290AE163FD238533D3F90000001C84850B17FE1F0B162C38793465F9F2E5BFDFD7D7F78F6BD7AEFDF374DE68486F6FEF9BD3F300000030A4162D5AF42BF3E7CF3FA5BBBB7B4391EF1479BAA7A7271FAD39FBECB3F3E2DFD3347D34A53807FF5CE4F1E2DFB1AEF8FC6451165F959E370000805F4A8C4C45112C4AC873459E6F6F6F7F7EDAB469796B6B6BDED2D2924F9C38518621F17F3F65CA94BCADAD2D8F7312E7A6C83345567775759D949E4700008083326FDEBC571705E3AA281B73E6CC79F6D4534FCDC78D1B979F72CA29320213E726CE519CABE29C452E2ECAFB2BD3F30A0000F092FA47079FECECEC7C364604D30222233B3182D8D5D5F56C710E1F2BCEE59BD2F30B0000B05F4589F8604F4FCFFFEAE8E878CEC8E0E8CD840913CA51C3B8F7B3C8FBD2F30C0000D0A4B7B7F7378A42F86F3367CE7C212D1932FA12A57EF6ECD9BF8862E83E430000E080162F5EFC9AA23C7C3F4608D37221A337510CFBEF33FCA67B0C010080FD9A3F7FFEAAB887F0602F191D3FEE94FCD4C9E3F3B62913CACFF89E2E23C39BF1E3C797F7182E58B0E0F2F4BC0300004421FC3F7B7A7A5E88D71CA485627F89F2D7D63A21EFED3C35BFF0CCB6FCF2F3A7179FD3CAEF317DFC41964B19DAC40383E2A9A4DDDDDD6F49CF3F000050734559D8DCD1D1F16C5A24F697715108A74CC82F2A4AE01DD777E60F6EECCD1FBEE3B4FCA1E233BE47498C6218CBA5EBCAF0A5FF32D2F5E9F90700006AAC280A27C628E1E4C9939B4AC4FED2DA323E3FF7B4A9F9DDABBAF26FDE777AFEDDED67E64FF69D557E3E567CBF7B5567393F964BD795E14BBCC7B038D7CFC53B28D3DF0100005053DDDDDD338A0C7A9430D23E6352BE665947FE375F3C2D7F7CEBE2FC5BF79F5E25BEC7F4B55776E41DC572E9BA327C89FB458B73FD7C91BF4A7F070000404DF5F4F46C3BD8575074B64FCEEF5CD9957F7BDBDE85B091987E5731BFAB63F0F728CA91C9ECD9B39F2FCEF92DE9EF000000A8A9EEEEEE7F9E32654A53793850BA8A5218A54F291C7D696B6B8BD1C21FA4BF030000A09E8EEAE9E9F9C5C13C753412978FAE5DD6917FEDEE3D978FA6F9DADD0BCBCB4B5D3E3AF2124F212D4AE1BFA53F040000A086FA1F32934F9A7470E52DDE47180F92B967F59E07CDEC1921DC336A18DF63FA390BA794CBA5EBCAF0261E28549CF3178B62F88AF4F7000000D44CFFFB09CB979BA7E5E1401977CA9E77145E78C6B4FCB6EB3AF3BE9BE7E7BB6EED2D3F6FBD6E5E7EC1197B5E4991AE27C39F8913274629CC8B73FF1FD2DF03000050335D5D5DEF3C9452188997D3C74860CF9C96FCA2B3A6E54BCF9F517E7617DF637ABCDC3E5D47863F8D52386FDEBC37A6BF070000A0660EB5148E1FBFE712D2695327E6B3A64FCAE7CC9A9C77B6B7949FF17D7A31BD2C86E39BD795E18D52080000540EB6148E1B774ADE32697C3E67E6E4FCBC4553F3654B66E6CB2F9E955F7BE9EC2AF17DD9676614F3DBCAE562F9582FDD960C4F94420000A07230A5305E7C3EA36D6279BFE08D9F9F9B6F59D7933F74EB82FCCB9B7AF3AFDCB9B0C869E5677C8FE931FFC6CFCD2DEF3B9C317562B97EBA4D39F2510A010080CA604BE1F8F1E3CA4B422F3B777A7EFFFA9EFC6F372FEA7F47E1BEDF5318D3BFBD7571FED87DA7E7F717E5F0B3E74C2FD78FEDA4DB96231BA5100000A80CB614C6FD8131E217052F8A5E14C2FFFD5EC2D3F7913DF362B9587ECB0D3DF9058BDBBCA2620444290400002A83298531BA170F90B9E9EAB97B15C2E6D1C1E60C2C86B17E6CC768E1F046290400002A83298531BA172FA2DFBABE277FE281330E303AB8BF2C2ED78BCB4EBDD07EF8A31402000095C194C2B817309E26FAD0C605F9778A7217237F079B2885F1F099D84E6C2FDD871CB928850000406530A5309E387AF979D3CBA7897E79D39EA78B7EE9F6C127967FF88E85F97D3774E7579C37A3DC5EBA0F3972510A010080CA604A615CEE795A576BBEF43333CA77102EBF64F6C1A7586FE96766E68B8AEDB4BA7C7458A31402000095C194C2F1E3F614C3B8EC73D6B449879C583F0A616C2FDD871CB928850000406530A550C65694420000A0A214D62F4A21000050510AEB17A5100000A82885F58B520800005494C2FA45290400002A4A61FDA21402000015A5B07E510A0100808A5258BF28850000404529AC5F94420000A0A214D62F4A210000501989A5308EE7BCF3CE6B9ABEBF8C1B372E5FBA74693E73E6CCA6798349ECEFDC73CF6D9A9EA6B7B737BFE0820BF69A76FAE9A7E71D1D1D4DCB8EE4288500004065284B616C73DDBA756509E9ECECCC172E5CB857AEB8E28AB2D035969F3B776EBE68D1A232B7DC724BF979CD35D79465EFC20B2FACD6BBECB2CBF2499326EDB5AF3973E6E4EBD7AF2FB7B760C182A6FDCC9A35AB5A36B6172570E03277DE79E75EDFA39446E11BB88F2885711C03A7C571C4BF71E0B4911EA5100000A80C65293CE38C33AA91B5969696FCB4D34EAB4600A324AE58B162AFFD4E9E3C79BFA36EAB57AF2E3FA3D0AC5DBBB65AAF5102E3EF2895F1D9DADABAD776BFF0852FEC358A18A5B2BDBDBDFA1EDB88ED0EDCDF673FFBD96A7B312F8AE2C5175F5C96D4CF7FFEF3F959679D5515D8CB2FBFBCFC8C7F6FEC6BC284097B6D6BA445290400002A43550AA3685D7BEDB5E5678CE2CD9E3DBB2C4E679F7D7639FFEAABAF2EA7A5EB9D7FFEF955C98B4219A373F1F7CA952BCBCFD846635A2331CA77A02216456DDAB469D5F7A20CED353FFEED37DF7CF35EA396A79E7AEA5ECBC4F66394B03152D8F8FF8A7F63FCFFA5FB1CC9510A010080CA5095C2B83CB351C4D6AC599317FB2947D762342D4A494C4BD789C43A51E2E2EFEBAEBBAE3AAE46298CD1BA749D0D1B36344D1B98B41446A2580EBC5CF4A69B6EAAFEBEE4924BAA51C2818911CA55AB5655A38ED3A74FCF972D5B56FE1D6536FE6DE93A23314A2100005079A9521805222EFB6C5C2AB9BF44398AC214CBC728DB6DB7DD965F74D145E588E099679E596E2BBEC7BE2EBDF4D27CF9F2E5F992254BAA2215F7E635B615A52C2E338DCB32A348C6E59A8D52D8D8D6C0C4285F3A6D60F6550AD307D35C7FFDF5D5DF311A9896C2F8FFB9E79E7BCA52BA71E3C6727B71196A5C16DBD6D6561E4314CDF432D49118A5100000A8BC54298C4C9D3AF580F3F795583E4A5714A7C6B4288831BAD6D85E7A096994C9285D8D721805B071B966A314C6485E7AD9E9A194C278F84C8CEE35F615DB68FC1D9784C625AF03978F87CE44498DE389FDC73D8971FC8B172F2ED78D91D0BBEEBAAB69BD9118A5100000A80CA6141E4AE2A1318DA78BC6B6E39EBC78B0CC942953AA7D352E131D98819795CE9F3FBF1C4D8CBF1BA530B6170F7B19B8CEA194C2287807335218E536EE754C9F3E1AA39ADDDDDD65914CEF751CA9510A010080CA5094C2D8565C3E1AF704C6C3621AA37B71C966CC8F91C218918BD1B574DDB804B5F17794C2C6D34A1BA53072E38D37EEF55098432985712C071A298CA7A336968DD1CD583F7D25451C5B3CB4268A6114E074BF23354A21000050198A52188991B6C636A3C0C5485BBC2A22FE8E51BA74B4AF9181E52CEE3D8CE216D3A314C6BD8D575D755553094CBFA7D957298C6DC56866E3FBC091C228AB31A2996EA7510AE33EC238BE58260A615C461A25337DB1FD488D520800005486A21446E9883217AF9F886DC73BFFE25EBB981E0F988907CE44998AB216A37003D74D2F1F4D470AA38CA5AF8B8817DDA7C71089621ACBC7A8658C4EA6F31B89A23A7024727F693C9934FE8E821B0FC019F8C4D128875164D3F5465A94420000A03214A530124FE48CCF288351C8621F717FE0C012D87821FCC0770C0EBCCF6FE0F42BAFBCB2691F8D0CBCE4344DBC1A63E028E0BE1225E940DB6F24460AA304C6A5A5E79C734ED39346E37BE31EC8911CA5100000A80C552994911BA5100000A82885F58B520800005494C2FA45290400002A4A61FDA21402000015A5B07E510A0100808A5258BF28850000404529AC5F94420000A0A214D62F4A21000050510AEB17A5100000A82885F58B520800005494C2FA45290400002A4A61FDA21402000015A5B07E510A0100808A5258BF28850000404529AC5F94420000A0A214D62F4A21000050510AEB17A5100000A82885F58B520800005494C2FA45290400002A4A61FDA21402000015A5B07E510A0100808A5258BF28850000404529AC5F94420000A0A214D62F4A21000050510AEB17A5100000A82885F58B520800005494C2FA45290400002A4A61FDA21402000015A5B07E510A0100808A5258BF28850000404529AC5F94420000A0A214D62F4A21000050510AEB17A5100000A82885F58B5208000054162C58F0A628085114D2F220633393264D2A4B616F6FEFABD2DF0300005033E3C78F3FA6BBBBFB172D2D2D4DE541C6665A5B5BA314FE34FD2D000000355594C29F4C9932A5A93CC8D8CCD4A953F3E29C3F95FE0E0000809AEAE9E9F9D28C19335E4CCB838CCDCC9A35EB174529FC62FA3B0000006A6AFEFCF95D9D9D9DCFA4E541C6668A42F86C71CE5BD3DF01000050534541786B4F4FCF8BF10092B440C8D84ADC3B5A9CEB177A7B7B5F97FE0E0000801A2B8AC2C3EDEDEDCFA72542C6563A3A3A9E2BCEF5E6F4FC03000035D7DDDDFDFB458C168EE19C7AEAA9E52861BC9B323DFF000000510CEF9A3B77EEB3E3C68D6B2A1432BA13E734CE6D510A57A7E71D0000A0346FDEBC3716C5F09FE3E99469A990D19DB834B838B77F5F14C3D7A6E71D0000A0D2D3D3F3BB459E9D366D5A53B190D199E9D3A7BF589CD37F77D928000030284581F85414C318317429E9E84D9CBBD9B367C708E1BF17E7F3BFA4E719000060BFBABABA7EAF28134FCF9933E7D9C9932737150E19D9897316F71016E7F01F7B7B7BDF9D9E5F00008097B460C18237C5EB0B8A94234E9E4C3AF21365B0BDBD3D5E3BF16251086FEBECEC3C213DAF00000007A528871F2C0AC657A31CCE9B37EF99193366E4ADADAD6501993871A20C63E21CC4B988735214C067E21C1579A8385FBF939E470000805F4A6F6FEF6FCC9F3FFFB4AEAEAEAF15A5E3DFFA0BC8A8CC99679E995F7BEDB565CE38E38CA6F9A32CFFABC8C345BA8BF3F3D6F4BC0100000C89254B961CBB60C1829347636EBBEDB6A93B76ECC8231B366CF8BFD2F9A325C539383A3D2F000000BC84A20C7EA2510A8B7C209D0F0000C018A614020000D4985208000050634A210000408D298500000035A614020000D4985208000050634A210000408D298500000035A614020000D4985208000050634A210000408D298500000035A614020000D4985208000050634A210000408D298500000035A614020000D4985208000050634A210000408D298500000035B175EBD637ECDCB9B32DC9B24629ECEBEBBB309D5F4CFFB5743B0000008C42BB76ED3AB628793F183032F852792CCFF3A3D2ED000000304AF58FFEA5E56F7FF954BA3E000000A3D8418C161A25040000188B06395A6894100000602C1AC468A15142000080B1EC25460B8D120200008C6507182D344A0800005007FB192D344A0800005007FB182D344A0800005027C968A151420000803A19305A6894100000E060B4B7B71FD7D3D3F39EEEEEEE3F293EDB8ACF738BCFCF8CB6AC5CB9F28BD75C73CDADE9F4D190F9F3E79F5D7CB67575757DBCF8FFFFAD69D3A6BD323D4F00000087CDDCB9735F5B948F194511D956E4D9227991173A3B3B7F3E67CE9C9F7774748CBA8CD6E38E14E7E367F17F5F9C8317E35C14E7E69922F7146571EAE2C58B5F939E3F00008043D2DBDBFBAAA2749C55E4A745E97876D6AC592F9C7AEAA9F9F8F1E3F3534E39454640E25CB4B6B6E6C5B9F9459CA322FF5A9CAFF94B962C79797A3E01000006ADFFD2C47F2E3E9F9D3A756A3E6EDCB8A64222232B718EDADADAF2E29C3D5714C3FF519CBF0FA4E7150000E025CD9F3F7F5E5C1E3A63C68C1794C1D19738673367CE7CA13887510EA7A4E717000060BFBABABA2EEDEEEEFEC59429539ACA868CAEC4086F94FBE27C9E919E6700008026F1A09228112D2D2D4D05434667E21ED038A70B162CF8747ABE0100002ADDDDDDBF1F971BC6E8525A2C0E94F1E38AE231797CDE366542F919DFD3656478336DDAB4178BF3FBF3DEDEDE77A7E71D0000201C5514C26FC5132CD342B1BF44F96B6B9D90F7769E9A5F78665B7EF9F9D38BCF69E5F7983EDEBD88232A1D1D1DCF17C5F0CBE98907000088CB462716A5F0F90913263495897D655C14C22913F28B8A1278C7F59DF9831B7BF387EF382D7FA8F88CEF5112A318C672E9BA323C9938716279196971AE3F919E7F0000A0E6BABBBBFF7EFAF4E92FA645627F696D199F9F7BDAD4FCEE555DF937EF3B3DFFEEF633F327FBCE2A3F1F2BBEDFBDAAB39C1FCBA5EBCAF0259E485A9CEB6FA5E71F0000A8B1A224FC4E4F4F4F3992949688FDA57DC6A47CCDB28EFC6FBE785AFEF8D6C5F9B7EE3FBD4A7C8FE96BAFECC83B8AE5D27565F83269D2A4182D8CF718FE7AFA3B0000006AAA28094BE6CE9DFBF3B4401C289DED93F33B5776E5DFDEB677216C24A6DF55CCEFEAF014D3919679F3E6FDBCBBBB7B41FA3B0000006AAA28088F4F9B36ADA93C1C285D45298CD2A7148EBECC9831232FCEF95FA7BF030000A0A68A82F06FADADAD4DE5E14089CB47D72EEBC8BF76F79ECB47D37CEDEE85E5E5A52E1F1D7989578E14E7FC1FD3DF0100005043453978454F4FCF8B93274F6E2A0F074ABC8F301E2473CFEA3D0F9AD93342B867D430BEC7F473164E29974BD795E14D4B4B4BDC57F84CFA5B0000006AA8B3B3F36D07FB9099C8B853F6BCA3F0C233A6E5B75DD799F7DD3C3FDF756B6FF979EB75F3F20BCED8F34A8A743D19FE341E36D3DEDEFE6BE9EF010000A899AEAEAE774641183FFEE047F4E2E5F43112D833A725BFE8AC69F9D2F367949FDDC5F7981E2FB74FD791E14FFFFB0AE381336F4C7F0F000040CD1C6A291C3F7ECF25A4D3A64ECC674D9F94CF993539EF6C6F293FE3FBF4627A590CC737AF2BC31BA5100000A81C6C291C37EE94BC65D2F87CCECCC9F9798BA6E6CB96CCCC975F3C2BBFF6D2D955E2FBB2CFCC28E6B795CBC5F2B15EBA2D199E2885000040E5604AE1B871E3F2196D13CBFB056FFCFCDC7CCBBA9EFCA15B17E45FDED49B7FE5CE85454E2B3FE37B4C8FF9377E6E6E79DFE18CA913CBF5D36DCA918F5208000054065B0AC78F1F575E127AD9B9D3F3FBD7F7E47FBB7951FF3B0AF7FD9EC298FEEDAD8BF3C7EE3B3DBFBF28879F3D677AB97E6C27DDB61CD9288500004065B0A530EE0F8C11BF287851F4A210FEEFF7129EBE8FEC9917CBC5F25B6EE8C92F58DCE6151523204A21000050194C298CD1BD7880CC4D57CFDDAB10368F0E366760318CF5633B460B87374A21000050194C298CD1BD7811FDD6F53DF9130F9C7180D1C1FD6571B95E5C76EA85F6C31FA5100000A80CA614C6BD80F134D187362EC8BF5394BB18F93BD844298C87CFC476627BE93EE4C845290400002A832985F1C4D1CBCF9B5E3E4DF4CB9BF63C5DF44BB70F3EB1FCC3772CCCEFBBA13BBFE2BC19E5F6D27DC8918B520800005406530AE372CFD3BA5AF3A59F9951BE8370F925B30F3EC57A4B3F33335F546CA7D5E5A3C31AA5100000A80CA6148E1FB7A718C6659FB3A64D3AE4C4FA5108637BE93EE4C845290400002A83298532B6A21402000015A5B07E510A0100808A5258BF28850000404529AC5F94420000A0A214D62F4A21000050510AEB17A5100000A82885F58B520800005494C2FA45290400002A4A61FDA21402000015A5B07E510A0100808A5258BF2885000040652496C2389EF3CE3BAF69FAFE326EDCB87CE9D2A5F9CC99339BE60D26B1BF73CF3DB7697A9ADEDEDEFC820B2ED86BDAE9A79F9E777474342D3B92A31402000095A12C85B1CD75EBD69525A4B3B3335FB870E15EB9E28A2BCA42D7587EEEDCB9F9A2458BCADC72CB2DE5E735D75C5396BD0B2FBCB05AEFB2CB2ECB274D9AB4D7BEE6CC9993AF5FBFBEDCDE82050B9AF6336BD6AC6AD9D85E94C081CBDC79E79D7B7D8F521A856FE03EA214C6710C9C16C711FFC681D3467A94420000A032D85218CBA4A5AE91284AD75D77DD5E052F72C6196754236B2D2D2DF969A79D568D0046495CB162C55EFB9D3C79F27E47DD56AF5E5D7E46A159BB766DB55EA304C6DF512AE3B3B5B575AFED7EE10B5FD86B14314A657B7B7BF53DB611DB1DB8BFCF7EF6B3D5F6625EFC3B2FBEF8E2B2A47EFEF39FCFCF3AEBACAAC05E7EF9E5E567FC7B635F13264CD86B5B232D4A21000050196C293CF5D4535F72998189A275EDB5D7969F318A377BF6ECB2389D7DF6D9E5FCABAFBEBA9C96AE77FEF9E757252F0A658CCEC5DF2B57AE2C3F631B8D698DC428DF818A5814B569D3A655DF8B32B4D7FCF877DD7CF3CD7B95DAF8F70E5C26B61FE5B73152D8F8BF887F63FCFFA5FB1CC9510A010080CA604BE1C1262ECF6C14B1356BD6E4C57ECAD1B5184D8B5212D3D27522B14E94B8F83B461F1BC7D52885315A97AEB361C386A669039396C24814CB81A39D37DD7453F5F725975C528D120E4C8C50AE5AB5AA1A759C3E7D7ABE6CD9B2F2EF28B3F16F4BD71989510A010080CA5094C21865BBEDB6DBF28B2EBAA81C113CF3CC33CBE9F13DF675E9A597E6CB972FCF972C595215A9B837AF71396694B2B8CC342ECB8C2219976B364A61635B0313A37CE9B481D957294C1F4C73FDF5D7577FC768605A0AE3FFE79E7BEE294BE9C68D1BCBEDC565A871596C5B5B5B790C5134D3CB50476294420000A03214A53012DB8BD215C5A9312D0A628CAE4D9D3AB59C9F5E421A65324A57A31C46016C5CAED928853192975E767A28A5301E3E13A37B8D7DC5361A7FC725A171C9EBC0E5E3A1335152E37862FF714F621CFFE2C58BCB756324F4AEBBEE6A5A6F2446290400002A43550AE3A1318DA78BC6B6E39EBC78B0CC942953AA7D352E131D98819795CE9F3FBF1C4D8CBF1BA530B6170F7B19B8CEA194C2287807335218E536EE754C9F3E1AA39ADDDDDD65914CEF751CA9510A010080CAE12C858D4B27635B71F968DC13180F8B698CEEC5259B313F460A63442E46D7D26DC43D7B8DBFA314369E56DA2885911B6FBC71AF87C21C4A298C6339D048613C1DB5B16C8C6EC6FAE92B29E2D8E2A135510CA300A7FB1DA9510A010080CA4B95C2C6EB185E2A51BCE2612D8D6218236D8D6D46818B91B6785544FC1DA374E9685F2303CB59DC7B18C52DA647298C575A5C75D5554D2530FD9E665FA530B615A3998DEF03470AA3ACC68866BA9D46298CFB08E3F86299288471196994CCF4C5F623354A2100005079A9521889F293BE83F04089D211652E5E3F11DB8E77FEC5BD76313D1E30130F9C893215652D46E106AE9B5E3E9A8E1446194B5F17112FBA4F8F2112C534968F51CB189D4CE73712FFB6812391FB4BE3C9A4F17714DC7800CEC0278E46398C229BAE37D2A21402000095C194C243493C91333EA30C46218B7DC4FD81034B6094AC78B0CCC0770C0EBCCF6FE0F42BAFBCB2691F8D0CBCE4344DBC1A63E028E0BE1225E940DB6F24460AA304C6A5A5E79C734ED39346E37BE31EC8911CA5100000A80C552994911BA5100000A82885F58B520800005494C2FA45290400002A4A61FDA21402000015A5B07E510A0100808A5258BF28850000404529AC5F94420000A0A214D62F4A21000050510AEB17A5100000A82885F58B520800005494C2FA45290400002A4A61FDA21402000015A5B07E510A0100808A5258BF28850000404529AC5F94420000A0A214D62F4A21000050510AEB17A5100000A82885F58B520800005494C2FA45290400002A4A61FDA21402000015A5B07E510A0100808A5258BF28850000404529AC5F94420000A0A214D62F4A21000050510AEB17A5100000A82885F58B520800005494C2FA45290400002A4A61FDA21402000015A5B07E510A0100808A5258BF28850000404529AC5F94420000A0A214D62F4A21000050510AEB17A5100000A814E5E03F464198306142537990B1994629ECEEEE7E43FA7B0000006A66C18205C7474198346952537990B19996969628852F8C1F3FFE98F4F7000000D45051109E89A2909607199B696D6D8D51C29FA4BF030000A0A68A82F00F53A74E6D2A0F3236336DDAB42885DF4E7F070000404DF5F4F4AC6F6F6F7F2E2D0F32363367CE9C678A737E55FA3B0000006AAA28089FEAEEEE7E7EDCB8714D0542C656E229B3713F6171BE3F92FE0E0000809A6A6F6F3FAE2809CFC4BD66698990B195B84CB838D7FFEA21330000C05EE6CF9FBFACB3B3F319A3856337716EBBBABA9EEDE9E939273DFF000040CDF5F6F6BEAE280BFF9F07CE8CDDC403668A73FC3F6364383DFF000000315AD81BF716C6CBCDD34221A33B93274F8ECB467F5194C2E9E9790700006838AA280E5FECECEC7C361E4892160B199D99306142E3B2D1F5E909070000D84BFF43679E983367CEB35126D28221A32B31EA3B77EEDC678B73FA374B962C79797ABE0100009A1485F0C4281131BA3469D2A4A6A221A3232D2D2D3142F85C4F4FCF430B162C383E3DCF000000FB15A34A4531BC31EE439B3973E60B2E271D3D8911DE3867F13EC222CBBD7E02000038644529FC64911F14796EFAF4E9E5034BD212222323716E66CC98114F187DBE385FDF29F227E9F9040000386831D2144FAD8C4B4A8BBC58E4D9F6F6F66767CD9A95475194E14B9C83381751DA6364B0F87CA4F86C294EDB51E979040000F8A515A5E30DFD057159F1794BF1F9D5D1988B2FBEF8892D5BB63C1359B264C9E3E9FCD192F9F3E7DF5CE48AE25C4C993B77EE6BD3F3050000C03EECD8B1E31345F2FE7C209D0F0000C018A614020000D4985208000050634A210000408D298500000035A614020000D4985208000050634A210000408D298500000035A614020000D4985208000050634A210000408D298500000035A614020000D4985208000050634A210000408D298500000035A614020000D4985208000050634A210000408D298500000035A614020000D4985208000050634A210000404D3CF0C0036F2A8ADF0F76EEDCF9A3468AEFFF34A014FEDFC9BCEFEEDAB5EBF8743B0000008C5245D95B37A004BE543E97AE0F0000C028F6C0030FFC6651F69EDF47014CF3B318594CD707000060941BE468A15142000080B16810A3854609010000C6B297182D344A08000030961D60B4D028210000401DEC67B4D028210000401DEC63B4D028210000409D24A3854609010000EA64C068A151420000803AC9B3EC981F65D9C97F7DCB2DF73F74CB2D373D996527A4CB00000030467C2FCBDEBC3BCB3A7E9865DB8B3C5D248F7CEFA493F2EFBDEE75E5DF459E2B96F9EE53597675F1F9B15D59766CBA1D0000004691A2DC7DBC287B0F374A609AEFBFE635F90F8F39A6697A7FFEA5C8A53FCAB2E3D3ED02000030823D9565EF2DB2AD51F09EFCF55FCFBFB26449BE73EBD6F435144D79F09E7BF247DBDAAAB2586CE727C5E7C227B2ECE5E97E00000018618A0237B7C8F365212C8ADD777FEBB7F287BEF8C5A6F2F752F96FE79F9F7FE7B77F7BE0C8E1D7FF21CB4E4AF7070000C00810F70016C5EDFA4689FBDBD6D6A6A27728D9B5716379EF616C737796FDB8F87C7FBA6F00000086519E654717656D7314B7C73FF8C1A6627738F2E5ABAF6E8C18FEECA92CFBE3F4180000001826BBB36C69E372D1BF5EB7AEA9D01DAE3CFE877F98EF3EEAA828864FC72B2DD2E3000000E0082B0A615B14C26F7FE843F99756AC682A7203F3F035D7E4DF7BF39BF31F1E7B6CFAA4D1B2507EF3D39FCE1FBCF7DEA6F5F6DAC6555735D679FC892C7B757A3C0000001C21F1E097A29CFD344ADA23975DD654E01A89A78E3E366142BEFB15AF682E8349E235150F2F5DDAB48D81F9EF6F7B5B63F9CFA5C7040000C011B23BCB5645397BEC94539A8A5B59061F7820FFEAB9E73615BFC1E489F7BD2F7F643FE570D72DB734967BC665A4000000C3E0EFB3EC5D45297BFE7B279C90EFD8B6ADA9B8C5B4EFBDEE754D65EF6013AFA668DA769187366ECC77EFB90C75437A6C0000000CB1A28CAD89D2F6F58E8EA6C216F9CA05173415BC43C977DFF5AEA66D37F2C49EF718BEF05496BD2D3D3E00000086489E65C71465ECE927DFF18EA6A21679F0AEBBF2DD2F7B5953C13BD47CEFC413F31D5BB736EDE76B679E59CEDF9D65DDE93102000030449ECAB20F4719FBBB3FFBB3A6A2168917D7A7C5EE97CD572EBFBC693F5F5ABBB6317F677A8C0000000C91A2145E11652C1E229316B52F5F7B6D53A13B1C79FC031F68DA572446118BF9CF15F9B5F43801000018024501DB1C45ED4B37DCD054D2BED1D6D654E80E47761F7D74BEE381079AF6F7F8473F5ACEFF4196FDE7F43801000018024509FB4614B187EEBCB3A9A4C525A569A13B5CD975EBAD4DFB7BEC539F6ACCFFAFE97102000030047667D98FE3413269418B7CE7777FB7A9CC1DAE3C72E5954DFB7B74EAD47CF75147E54F65D9ECF438010000180245417B667FA5F08977BDABA9CC1DAE3CB28F87CD7C7DF6ECFC07AF7C65CC3F2B3D4E0000008640395278ECB14D052DF29DDFF99DA63277B8F2C8B2654DFB7B34EE613CFA68238500000047CA0FFBEF29DC75FBED4D25EDEFFEE44F9ACADCE1CAAE8D1B9BF6F7CD4F7FBA31DF3D8500000047C20F1B4F1F5DBDBAA9A43D3A04EF282C132393DBB635EDEFF18F7DAC9CEFE9A30000004748F59EC2D34F6F2A690F7FEE73CD85EE30E4F13FFAA3A67D45BEEF3D850000004756510A3F1C45ED6F274F6E2A693BEFBF3FDF7DDC714DA5EE97CD37A64F6FDA57BCB7F087C71C13F377A6C7080000C010C9B3EC98A2883DFDDF4F3EB9B9A815897B0DE3E9A469B13BD47CFFF5AFDFE78BEBBFBA7871397F779675A7C7080000C0102ACAD89A28648F9D724A53592B0BDB79E73595BB43C913EF794FD3B61B79E2DDEF8E655E782ACBDE961E1F00000043E8EFB3EC5D45217B3EDE11F8E0FDF73715B69D5BB7E6DF7FC31B9A4ADEC1E66B8B17376D3BB2EB965BCA87CF14CB6C488F0D00008023607796AD8AE2F6779FFC6453692B8BE1B66DF957CF39A7A9E80D264FFEC66FE4FFEDBCF39AB61979E8D65BF31F1E75542CF7CC8FB2ECE4F4B80000003802FE21CB4E2A8AD94FBFFFDAD7E63BB76F6F2A6F8D7CEB139F682A7D07CAEE57BE32FFD29A354DDB69E4EB73E63496FD5C7A4C0000001C41BBB3AC2D0A5ABC32E24B2B573615B8817978F9F2FCC9934FCE77EFB9EC73EF2278F4D1F937FFE22FF207EFBDB769BD81F9F2B5D736D679FC892C7B757A3C0000001C6145315C5A16B597BD2C7F68E3C6A62277B8F2F8473F9AFFB0288FC5BE9E76D9280000C0089167D9D14551DB1CC5F05B1FFE7053993B1C8951C8DD7BEE23FCD95359F6C7E931000000308C7665D9B14561BBBE7139E83766CC682A76879287EEB8238FF72196979866D98F8BCFF7A7FB0600006084284ADBDC22CFC7659E5FB9E082F2D51469D11B6C1EDCB2257FE2B77FBB710FE1D7E3C136E9FE00000018619ECAB2F716D9D618358C87CB3C72C925F98E6DDB9A8A5F9A28918F4E9FDE7807615E6CE727C5E7C227B2ECE5E97E00000018C17667D9C78B42F770A31CA6D9FDAA57354D1B907F2972E98FB2ECF874BB0000008C22DFCBB2371705B1A32879DB8B3CBD8F021879AE58E6BB4F65D9D5C5E7C7E21EC5743B0000008C0179961D13AF9428CADF877E9065EF7E32CB4E489701000000000000000000000000000000000000000000000000000000000000000000000000000000000000000000000000000000000000000000000000000000000000000000000000000000000000000000000000000000000000000000000000000000000000000000000000000000000000000000000000000000000000000000000000000000000000000000000000000000000000000000000000000000000000000000000000000000000000000000000000000000000000000000000000000000000000000000000000000000000000000000000000000000000000000000000000000000000000000000000000000000000000000000000000000000000000000000000000000000000000000000000000000000000000000000000000000000000000000000000000000000000000000000000000000000000000000000000000000000000000000000000000000000000000000000000000000000000000000000000000000000000000000000000000000000000000000000000000000000000000000000000000000000000000000000000000000000000000000000000000000000000000000000000000000000000000000000000000000000000000000000000000000000000000000000000000000000000000000000000000000000000000000000000000000000000000000000000000000000000000000000000000000000000000000000000000000000000000000000000000000000000000000000000000000000000000000000000000000000000000000000000000000000000000000000000000000000000000000000000000000000000000000000000000000000000000000000000000000000000000000000000000000000000000000000000000000000000000000000000000000000000000000000000000000000000000000000000000000000000000000000000000000000000000000000000000000000000000000000000000000000000000000000000000000000000000000000000000000000000000000000000000000000000000000000000000000000000000000000000000000000000000000000000000000000000000000000000000000000000038CCFE7FD64285C5F55572540000000049454E44AE426082, 0);
INSERT INTO `act_ge_bytearray` VALUES ('2503', 1, 'BPMN/outInventory.bpmn', '2501', 0x3C3F786D6C2076657273696F6E3D22312E302220656E636F64696E673D225554462D38223F3E0D0A3C646566696E6974696F6E7320786D6C6E733D22687474703A2F2F7777772E6F6D672E6F72672F737065632F42504D4E2F32303130303532342F4D4F44454C2220786D6C6E733A7873693D22687474703A2F2F7777772E77332E6F72672F323030312F584D4C536368656D612D696E7374616E63652220786D6C6E733A7873643D22687474703A2F2F7777772E77332E6F72672F323030312F584D4C536368656D612220786D6C6E733A61637469766974693D22687474703A2F2F61637469766974692E6F72672F62706D6E2220786D6C6E733A62706D6E64693D22687474703A2F2F7777772E6F6D672E6F72672F737065632F42504D4E2F32303130303532342F44492220786D6C6E733A6F6D6764633D22687474703A2F2F7777772E6F6D672E6F72672F737065632F44442F32303130303532342F44432220786D6C6E733A6F6D6764693D22687474703A2F2F7777772E6F6D672E6F72672F737065632F44442F32303130303532342F44492220747970654C616E67756167653D22687474703A2F2F7777772E77332E6F72672F323030312F584D4C536368656D61222065787072657373696F6E4C616E67756167653D22687474703A2F2F7777772E77332E6F72672F313939392F585061746822207461726765744E616D6573706163653D22687474703A2F2F7777772E61637469766974692E6F72672F70726F63657373646566223E0D0A20203C70726F636573732069643D226F7574496E76656E746F727922206E616D653D226F7574496E76656E746F72792220697345786563757461626C653D2274727565223E0D0A202020203C73746172744576656E742069643D227369642D35393966373165312D333465332D346232312D616362362D30313564373835373431336122206E616D653D22E5BC80E5A78B222F3E0D0A202020203C656E644576656E742069643D227369642D30623336373737612D366235302D343161302D616533382D643036356332366261393262222F3E0D0A202020203C757365725461736B2069643D227369642D31666161376634312D323532302D343534642D623532642D64653834323437666632636222206E616D653D22E4B880E7BAA7E983A8E997A8E5AEA1E6A0B8222061637469766974693A61737369676E65653D22247B61737369676E6565307D222F3E0D0A202020203C757365725461736B2069643D227369642D33353063353964342D363038382D343262642D623238652D37646637366137313061643722206E616D653D22E4BA8CE7BAA7E983A8E997A8E5AEA1E6A0B8222061637469766974693A61737369676E65653D22247B61737369676E6565317D222F3E0D0A202020203C73657175656E6365466C6F772069643D227369642D66373261336461642D383234382D343562362D386133352D6165383863633065646664632220736F757263655265663D227369642D35393966373165312D333465332D346232312D616362362D30313564373835373431336122207461726765745265663D227369642D31666161376634312D323532302D343534642D623532642D646538343234376666326362222F3E0D0A202020203C73657175656E6365466C6F772069643D227369642D38633138336466362D643130342D346135332D613161612D6163626638643433343132352220736F757263655265663D227369642D31666161376634312D323532302D343534642D623532642D64653834323437666632636222207461726765745265663D227369642D33353063353964342D363038382D343262642D623238652D376466373661373130616437222F3E0D0A202020203C73657175656E6365466C6F772069643D227369642D64656434653662302D653037392D346665642D393466382D3331666335666563313462302220736F757263655265663D227369642D33353063353964342D363038382D343262642D623238652D37646637366137313061643722207461726765745265663D227369642D30623336373737612D366235302D343161302D616533382D643036356332366261393262222F3E0D0A20203C2F70726F636573733E0D0A20203C62706D6E64693A42504D4E4469616772616D2069643D2242504D4E4469616772616D5F6F7574496E76656E746F7279223E0D0A202020203C62706D6E64693A42504D4E506C616E652062706D6E456C656D656E743D226F7574496E76656E746F7279222069643D2242504D4E506C616E655F6F7574496E76656E746F7279223E0D0A2020202020203C62706D6E64693A42504D4E53686170652069643D2273686170652D66326664663865642D656538632D343132392D616433652D353733313632643633636132222062706D6E456C656D656E743D227369642D35393966373165312D333465332D346232312D616362362D303135643738353734313361223E0D0A20202020202020203C6F6D6764633A426F756E647320783D222D3635322E302220793D222D3438302E3735222077696474683D2233302E3022206865696768743D2233302E30222F3E0D0A2020202020203C2F62706D6E64693A42504D4E53686170653E0D0A2020202020203C62706D6E64693A42504D4E53686170652069643D2273686170652D61353861313335322D393834362D343733312D386130382D636135626434303233326233222062706D6E456C656D656E743D227369642D30623336373737612D366235302D343161302D616533382D643036356332366261393262223E0D0A20202020202020203C6F6D6764633A426F756E647320783D222D3635322E302220793D222D3230342E3235222077696474683D2233302E3022206865696768743D2233302E30222F3E0D0A2020202020203C2F62706D6E64693A42504D4E53686170653E0D0A2020202020203C62706D6E64693A42504D4E53686170652069643D2273686170652D63656230303236342D313139652D343735362D396132332D386237333538323132383132222062706D6E456C656D656E743D227369642D31666161376634312D323532302D343534642D623532642D646538343234376666326362223E0D0A20202020202020203C6F6D6764633A426F756E647320783D222D3638372E302220793D222D3432322E3735222077696474683D223130302E3022206865696768743D2238302E30222F3E0D0A2020202020203C2F62706D6E64693A42504D4E53686170653E0D0A2020202020203C62706D6E64693A42504D4E53686170652069643D2273686170652D33326238663263392D343566642D343136612D393665622D656439363065353330623338222062706D6E456C656D656E743D227369642D33353063353964342D363038382D343262642D623238652D376466373661373130616437223E0D0A20202020202020203C6F6D6764633A426F756E647320783D222D3638372E302220793D222D3331342E3235222077696474683D223130302E3022206865696768743D2238302E30222F3E0D0A2020202020203C2F62706D6E64693A42504D4E53686170653E0D0A2020202020203C62706D6E64693A42504D4E456467652069643D22656467652D38313836613362312D663233352D343838312D623565332D336338366538646535646537222062706D6E456C656D656E743D227369642D66373261336461642D383234382D343562362D386133352D616538386363306564666463223E0D0A20202020202020203C6F6D6764693A776179706F696E7420783D222D3634342E352220793D222D3435302E3735222F3E0D0A20202020202020203C6F6D6764693A776179706F696E7420783D222D3633372E302220793D222D3432322E3735222F3E0D0A2020202020203C2F62706D6E64693A42504D4E456467653E0D0A2020202020203C62706D6E64693A42504D4E456467652069643D22656467652D33613736313336642D643131642D343765622D613565322D366366663163363132633364222062706D6E456C656D656E743D227369642D38633138336466362D643130342D346135332D613161612D616362663864343334313235223E0D0A20202020202020203C6F6D6764693A776179706F696E7420783D222D3633372E302220793D222D3334322E3735222F3E0D0A20202020202020203C6F6D6764693A776179706F696E7420783D222D3633372E302220793D222D3331342E3235222F3E0D0A2020202020203C2F62706D6E64693A42504D4E456467653E0D0A2020202020203C62706D6E64693A42504D4E456467652069643D22656467652D36323033616533352D653564322D343632622D613236642D333638636664306538303430222062706D6E456C656D656E743D227369642D64656434653662302D653037392D346665642D393466382D333166633566656331346230223E0D0A20202020202020203C6F6D6764693A776179706F696E7420783D222D3633372E302220793D222D3233342E3235222F3E0D0A20202020202020203C6F6D6764693A776179706F696E7420783D222D3633372E302220793D222D3230342E3235222F3E0D0A2020202020203C2F62706D6E64693A42504D4E456467653E0D0A202020203C2F62706D6E64693A42504D4E506C616E653E0D0A20203C2F62706D6E64693A42504D4E4469616772616D3E0D0A3C2F646566696E6974696F6E733E0D0A, 0);
INSERT INTO `act_ge_bytearray` VALUES ('3d397c54-7a6f-11ee-a709-64d69a9c9696', 1, 'BPMN/outInventory.png', '3d392e33-7a6f-11ee-a709-64d69a9c9696', 0x89504E470D0A1A0A0000000D4948445200000385000002740806000000A56986A80000332849444154785EEDDD79B45F757D2FFCCDE044B54551AEA28FD2DAEBA3D5EAED6D6DB5D63ADCAEDA765DAB4FC97838C9C9784E923324278430631805125002484612200408831042424E02A98257AB142B8A5C3562577B7D56CBF5E96D9FC72A83B09FFDD939BF7D4FBEBF249CC49C9C61BF5E6BBDD7EFFCF69CECDF3FEFF5DD4396010000000000000000000000000000000000000000000000000000000000000000000000000000000000000000406D6CCA8EC9AECF4E2EF2A16C55F6EEECDAEC847411000000C68AEBB337672BB38E22DB8B3C5D24DF479E2BF2DD225717F958B6243B36DD0C000000A3C9EAECE345C17B781F057030F9976C457669B62E3B3EDD2C00000023D9EAECBD45A9DBD62878C7AE3C36FFD35BFE345FB7755DBE63C78E03A66F475FBEE8EE45F971AB8F6B94C39F14E57061B6297B79BA1B000000469A95D9DC22CF370AE1AFACFE95FCEA2D573795BF97CADAAD6BF3BFBAEDAF068E1C7E3D5B9B9D94EE0E0000809120EE015C955DDF2871BFB9FE37F32DDBB754256FD9E665F93B6F7C677A8968538E5D756CDE727B4BBE7DC7F672BDF88CEF47AD3C2AE6FFB8D8C7FBD35D030000309C96644717856D7394BA5F5DF3ABF98DDB6E2C0BDDEDDB6ECFA76D9AD654FC069BD7AC7E4DBE7EEBFA725B9BFB36E7C7AF393EA6FF2C5B91FD717A080000000C9715D9D246919B77D7BCB2C4C5BD81EFBBE97D8D11BE43CE3BD6BFA31A71ECBEAB3B3FF1861363FAD3E52B2D00000018662BB3B6286F314238EB8E596579DBB06D43F93D2D78BF4C5A6F6F2DB77DEFF67B1B0FA1793CBB2E7B757A380000001C29F1E09795D94FA3B44DB87D427EF7F6BBF37BFAEEC95FBFF6F54DA5EE97CDAB57BFBABC84348AE127367EA231FD73E92101000070A4ACC85645398B87CA342E197DE30D6F6C2A74872B7129E945F75E943FD0F7407ED20D27C5B4675C460A0000301C5667EFCAFA5F3D71DD96EBCA87CA7CF2D64F3615B9C39D78F84C94C228A127AC39212F8AE986F4D0000000186AABB23551D24E5C7B62F9DA88DEBB7BF3D7AF39FC978DEE2BCBB72C2F4BE147367C24BEBF501CC9DBD2C303000060A86CCA8E29CAD8D32F5BF5B27CF3F63DF7F9BD76CD6B9BCADB50E5C31B3E5CEEF3B2CD97ED99B622EB4E0F11000080A1B23AFB7094B1B7AF7B7BF5B4D1B4B80D65DE72C35BCAFDDEF6C06D8D693BD34304000060A8ACCCAE88323665D394B29C4DBF637A53711BEA5C72EF25E5BEA32016DF9F2BF26BE961020000301456669BA3985DB1F98AB298FDA79BFE5353691BEA7CF0E60F96FB8E4B49FBA7FDE7F430010000180A2BB36F44115B79FFCAB298BDED86B73595B6A1CE5B6F786BB9EFBFD8F8177BA6ADCAFE6B7A980000000C8595D98FA388C5CBEAA398BD62F52B9A4ADB50E7E8954797FB9E70FB843DD35665B3D3C30400006028C44BE38B22765FDF7D65313B7AD5D14DA5ED4824DE57D8B2A965CFF755D959E9610200003014FA470A87B3141A29040000182EFDF714DEFAC0AD47FC1D858DB8A710000060B8F43F7D74C5961565313B79DDC94DA56DA8E3E9A3000000C3A5FF3D85A7DF7DFA9ED1BA5BFB47EB8E60BCA710000060B8ACCE3E1CC5AC75536B59CC66DD31ABA9B40D65E27EC27BB7DF9BF7EDE8CB5FBEEAE5316D677A880000000C954DD93145117B3ADE4F18A5F0F66DB73715B7A14C5C321AFBBD6CF3657BA6ADC8BAD3430400006028ADCAD644216BBBA3AD2C687FBEF1CF9BCADB5065F996E5E53E3FB2E123F1FD85E248DE961E1E000000436975F6AEA2903DFFEAD5AFCEEFEFBB3FBFE0DE0BF2B7AF7B7B53813BDC79CDEAD794EF278C5278C29A13629470437A680000001C092BB25551D4FEF2D6BF2C4BDACDDB6ECE8F5A795453913B5C79C7FA77E417DD7B51590A4FBAE1A498F64C767D76727A580000001C096BB3938A62F6D313D69E906FDFB1BD2C86BF77D3EF3595B9C395AEBBBACA42B874F3D2C6B4CFA587040000C091B4326B8B82F6819B3F905FB7E5BAB2184ED934A5A9D0FDB269BD7DCF934EE3A9A3C7AD3E2EA63D9E5D97BD3A3D1C0000008EB415D9D2286E71E9E8AAADABCAF276C70377E4AF5DF3DAA67277B0894B46B76CDF526EB3FBAEEEFCC41B4E8CE94FBB6C14000060A458921D5D14B5CD51E2DE77D3FBCA0217B9F2BE2BF33FD8F0074D456FB08987CAACDFBABEDCD6E6BECDF9F16B8E8FE93F2B4AE81FA787000000C0705A921D9BADCAAE6F14BA784545A31C6EEDDB9A2FBC7B61FEA61BDED454FCD21CBBEAD8BCE5F696EA1EC5F88CEFFD0FB0F971B18FF7A7BB06000060A45899CD2DF27C14BCF63BDBCBCB481BE5305E5DD1796767FEA7B7FC69FEFA35AFAF8AE01BD6BE217FCF8DEFC97BEEEC29EF196C2C1FF9D46D9F6A2CF7F5F2C1360000008C70ABB3F716256E5BA3F4C565A0AD9B5AF34D0F6CDAABF0ED2B7D3BFAF245772F6A3C4C26F2936C45B630DB94BD3CDD0D00000023D9EAECE345A97BB8510E0F32FF5294C14BB375D9F1E966010000184DAECFDE5C94BC8E22DBB378726873018C3C57E4BB45AE2EF2B1F21E45000000469F1D3B76BCB5AFAF6F4EF1B92A9D57DA941D53BE52E2FAEC43D9AAECDDD9B5D909E9220000008C523B77EE5CD8B847F0C1071F7C7B3A1F00008031AC2885EF6D94C2E2EF8E743E00000063589EE7471585F09FFA8BE19DE97C000000C6B8A20C6EE82F85FFCF92254B8E4EE70300003086F5F5F54D1B7009E9FBD3F90000008C61BB76ED7A4BF542FABEBEB3D3F90000008C7145217CB2BF183E94CE030000608C2BCAE0F2FE52F8CC7DF7DD775C3A1F00008031ACAFAFEF2F07DC57F867E97C000000C6B0AD5BB7FE6A51089FEB2F85CBD2F90000008C7145217CA4BF14FE5D3A0F00008031AE28844BFA2F217DB12886FF219D0F0000C0185694C13F6ADC5758A4259D0F0000C018F6E8A38FBEAC2883FF6F7F29BC219D0F0000C018B773E7CECDFDA5F01FD2790000008C714529EC695C42BA7DFBF677A6F301000018C38A32F8AE01F71576A5F301000018E38A32F83FFA4BE13DE93C000000C6B8BEBEBEF5FDA5F05F77EDDA756C3A1F00008031AC2885AD8D4B481F7CF0C13F4CE70300003086EDDAB5EB8D45217C314A615110CF4FE76FDDBAF515E934000000C690A2103EDE3F5AF8F0A64D9B5E5E7C7EB4C8C545BE56E4A67479000000C690A2F8DDD05F0A7F51E4A78DCB49FB470FE7A7CB030000308AEDDAB5EB2D45D99B5694BE0D45FE6960094C532CF7A1747D00000046A9A2101E5F94BD1FA6E56F3F79FEBEFBEE3B2EDD06000000A3585F5FDF7F2C0ADFFFDC47094CF378BA2E00000063C0F6EDDBFFA0287DFFBE8F22383037A4EB010000304614C5F0933BF63C5C262D838DCC4DD7010000600CD9B97367C73ECA609962DEFBD3E5010000186376EC7927615A0A9FF5E27A0000809A284AE08DC928E1A3E9320000008C518F3EFAE8CB8A32B8BD510AFBFAFA56A4CB00000030863DF2C823AF290AE163FD238533D3F90000001C84850B17FE1F0B162C38793465F9F2E5BFDFD7D7F78F6BD7AEFDF374DE68486F6FEF9BD3F300000030A4162D5AF42BF3E7CF3FA5BBBB7B4391EF1479BAA7A7271FAD39FBECB3F3E2DFD3347D34A53807FF5CE4F1E2DFB1AEF8FC6451165F959E370000805F4A8C4C45112C4AC873459E6F6F6F7F7EDAB469796B6B6BDED2D2924F9C38518621F17F3F65CA94BCADAD2D8F7312E7A6C83345567775759D949E4700008083326FDEBC571705E3AA281B73E6CC79F6D4534FCDC78D1B979F72CA29320213E726CE519CABE29C452E2ECAFB2BD3F30A0000F092FA47079FECECEC7C364604D30222233B3182D8D5D5F56C710E1F2BCEE59BD2F30B0000B05F4589F8604F4FCFFFEAE8E878CEC8E0E8CD840913CA51C3B8F7B3C8FBD2F30C0000D0A4B7B7F7378A42F86F3367CE7C212D1932FA12A57EF6ECD9BF8862E83E430000E080162F5EFC9AA23C7C3F4608D37221A337510CFBEF33FCA67B0C010080FD9A3F7FFEAAB887F0602F191D3FEE94FCD4C9E3F3B62913CACFF89E2E23C39BF1E3C797F7182E58B0E0F2F4BC0300004421FC3F7B7A7A5E88D71CA485627F89F2D7D63A21EFED3C35BFF0CCB6FCF2F3A7179FD3CAEF317DFC41964B19DAC40383E2A9A4DDDDDD6F49CF3F000050734559D8DCD1D1F16C5A24F697715108A74CC82F2A4AE01DD777E60F6EECCD1FBEE3B4FCA1E233BE47498C6218CBA5EBCAF0A5FF32D2F5E9F90700006AAC280A27C628E1E4C9939B4AC4FED2DA323E3FF7B4A9F9DDABBAF26FDE777AFEDDED67E64FF69D557E3E567CBF7B5567393F964BD795E14BBCC7B038D7CFC53B28D3DF0100005053DDDDDD338A0C7A9430D23E6352BE665947FE375F3C2D7F7CEBE2FC5BF79F5E25BEC7F4B55776E41DC572E9BA327C89FB458B73FD7C91BF4A7F070000404DF5F4F46C3BD8575074B64FCEEF5CD9957F7BDBDE85B091987E5731BFAB63F0F728CA91C9ECD9B39F2FCEF92DE9EF000000A8A9EEEEEE7F9E32654A53793850BA8A5218A54F291C7D696B6B8BD1C21FA4BF030000A09E8EEAE9E9F9C5C13C753412978FAE5DD6917FEDEE3D978FA6F9DADD0BCBCB4B5D3E3AF2124F212D4AE1BFA53F040000A086FA1F32934F9A7470E52DDE47180F92B967F59E07CDEC1921DC336A18DF63FA390BA794CBA5EBCAF0261E28549CF3178B62F88AF4F7000000D44CFFFB09CB979BA7E5E1401977CA9E77145E78C6B4FCB6EB3AF3BE9BE7E7BB6EED2D3F6FBD6E5E7EC1197B5E4991AE27C39F8913274629CC8B73FF1FD2DF03000050335D5D5DEF3C9452188997D3C74860CF9C96FCA2B3A6E54BCF9F517E7617DF637ABCDC3E5D47863F8D52386FDEBC37A6BF070000A0660EB5148E1FBFE712D2695327E6B3A64FCAE7CC9A9C77B6B7949FF17D7A31BD2C86E39BD795E18D52080000540EB6148E1B774ADE32697C3E67E6E4FCBC4553F3654B66E6CB2F9E955F7BE9EC2AF17DD9676614F3DBCAE562F9582FDD960C4F94420000A07230A5305E7C3EA36D6279BFE08D9F9F9B6F59D7933F74EB82FCCB9B7AF3AFDCB9B0C869E5677C8FE931FFC6CFCD2DEF3B9C317562B97EBA4D39F2510A010080CA604BE1F8F1E3CA4B422F3B777A7EFFFA9EFC6F372FEA7F47E1BEDF5318D3BFBD7571FED87DA7E7F717E5F0B3E74C2FD78FEDA4DB96231BA5100000A80CB614C6FD8131E217052F8A5E14C2FFFD5EC2D3F7913DF362B9587ECB0D3DF9058BDBBCA2620444290400002A83298531BA170F90B9E9EAB97B15C2E6D1C1E60C2C86B17E6CC768E1F046290400002A83298531BA172FA2DFBABE277FE281330E303AB8BF2C2ED78BCB4EBDD07EF8A31402000095C194C2B817309E26FAD0C605F9778A7217237F079B2885F1F099D84E6C2FDD871CB928850000406530A5309E387AF979D3CBA7897E79D39EA78B7EE9F6C127967FF88E85F97D3774E7579C37A3DC5EBA0F3972510A010080CA604A615CEE795A576BBEF43333CA77102EBF64F6C1A7586FE96766E68B8AEDB4BA7C7458A31402000095C194C2F1E3F614C3B8EC73D6B449879C583F0A616C2FDD871CB928850000406530A550C65694420000A0A214D62F4A21000050510AEB17A5100000A82885F58B520800005494C2FA45290400002A4A61FDA21402000015A5B07E510A0100808A5258BF28850000404529AC5F94420000A0A214D62F4A210000501989A5308EE7BCF3CE6B9ABEBF8C1B372E5FBA74693E73E6CCA6798349ECEFDC73CF6D9A9EA6B7B737BFE0820BF69A76FAE9A7E71D1D1D4DCB8EE4288500004065284B616C73DDBA756509E9ECECCC172E5CB857AEB8E28AB2D035969F3B776EBE68D1A232B7DC724BF979CD35D79465EFC20B2FACD6BBECB2CBF2499326EDB5AF3973E6E4EBD7AF2FB7B760C182A6FDCC9A35AB5A36B6172570E03277DE79E75EDFA39446E11BB88F2885711C03A7C571C4BF71E0B4911EA5100000A80C65293CE38C33AA91B5969696FCB4D34EAB4600A324AE58B162AFFD4E9E3C79BFA36EAB57AF2E3FA3D0AC5DBBB65AAF5102E3EF2895F1D9DADABAD776BFF0852FEC358A18A5B2BDBDBDFA1EDB88ED0EDCDF673FFBD96A7B312F8AE2C5175F5C96D4CF7FFEF3F959679D5515D8CB2FBFBCFC8C7F6FEC6BC284097B6D6BA445290400002A43550AA3685D7BEDB5E5678CE2CD9E3DBB2C4E679F7D7639FFEAABAF2EA7A5EB9D7FFEF955C98B4219A373F1F7CA952BCBCFD846635A2331CA77A02216456DDAB469D5F7A20CED353FFEED37DF7CF35EA396A79E7AEA5ECBC4F66394B03152D8F8FF8A7F63FCFFA5FB1CC9510A010080CA5095C2B83CB351C4D6AC599317FB2947D762342D4A494C4BD789C43A51E2E2EFEBAEBBAE3AAE46298CD1BA749D0D1B36344D1B98B41446A2580EBC5CF4A69B6EAAFEBEE4924BAA51C2818911CA55AB5655A38ED3A74FCF972D5B56FE1D6536FE6DE93A23314A2100005079A9521805222EFB6C5C2AB9BF44398AC214CBC728DB6DB7DD965F74D145E588E099679E596E2BBEC7BE2EBDF4D27CF9F2E5F992254BAA2215F7E635B615A52C2E338DCB32A348C6E59A8D52D8D8D6C0C4285F3A6D60F6550AD307D35C7FFDF5D5DF311A9896C2F8FFB9E79E7BCA52BA71E3C6727B71196A5C16DBD6D6561E4314CDF432D49118A5100000A8BC54298C4C9D3AF580F3F795583E4A5714A7C6B4288831BAD6D85E7A096994C9285D8D721805B071B966A314C6485E7AD9E9A194C278F84C8CEE35F615DB68FC1D9784C625AF03978F87CE44498DE389FDC73D8971FC8B172F2ED78D91D0BBEEBAAB69BD9118A5100000A80CA6141E4AE2A1318DA78BC6B6E39EBC78B0CC942953AA7D352E131D98819795CE9F3FBF1C4D8CBF1BA530B6170F7B19B8CEA194C2287807335218E536EE754C9F3E1AA39ADDDDDD65914CEF751CA9510A010080CA5094C2D8565C3E1AF704C6C3621AA37B71C966CC8F91C218918BD1B574DDB804B5F17794C2C6D34A1BA53072E38D37EEF55098432985712C071A298CA7A336968DD1CD583F7D25451C5B3CB4268A6114E074BF23354A21000050198A52188991B6C636A3C0C5485BBC2A22FE8E51BA74B4AF9181E52CEE3D8CE216D3A314C6BD8D575D755553094CBFA7D957298C6DC56866E3FBC091C228AB31A2996EA7510AE33EC238BE58260A615C461A25337DB1FD488D520800005486A21446E9883217AF9F886DC73BFFE25EBB981E0F988907CE44998AB216A37003D74D2F1F4D470AA38CA5AF8B8817DDA7C71089621ACBC7A8658C4EA6F31B89A23A7024727F693C9934FE8E821B0FC019F8C4D128875164D3F5465A94420000A03214A530124FE48CCF288351C8621F717FE0C012D87821FCC0770C0EBCCF6FE0F42BAFBCB2691F8D0CBCE4344DBC1A63E028E0BE1225E940DB6F24460AA304C6A5A5E79C734ED39346E37BE31EC8911CA5100000A80C552994911BA5100000A82885F58B520800005494C2FA45290400002A4A61FDA21402000015A5B07E510A0100808A5258BF28850000404529AC5F94420000A0A214D62F4A21000050510AEB17A5100000A82885F58B520800005494C2FA45290400002A4A61FDA21402000015A5B07E510A0100808A5258BF28850000404529AC5F94420000A0A214D62F4A21000050510AEB17A5100000A82885F58B520800005494C2FA45290400002A4A61FDA21402000015A5B07E510A0100808A5258BF28850000404529AC5F94420000A0A214D62F4A21000050510AEB17A5100000A82885F58B520800005494C2FA45290400002A4A61FDA21402000015A5B07E510A0100808A5258BF28850000404529AC5F94420000A0A214D62F4A21000050510AEB17A5100000A82885F58B5208000054162C58F0A628085114D2F220633393264D2A4B616F6FEFABD2DF0300005033E3C78F3FA6BBBBFB172D2D2D4DE541C6665A5B5BA314FE34FD2D000000355594C29F4C9932A5A93CC8D8CCD4A953F3E29C3F95FE0E0000809AEAE9E9F9D28C19335E4CCB838CCDCC9A35EB174529FC62FA3B0000006A6AFEFCF95D9D9D9DCFA4E541C6668A42F86C71CE5BD3DF01000050534541786B4F4FCF8BF10092B440C8D84ADC3B5A9CEB177A7B7B5F97FE0E0000801A2B8AC2C3EDEDEDCFA72542C6563A3A3A9E2BCEF5E6F4FC03000035D7DDDDFDFB458C168EE19C7AEAA9E52861BC9B323DFF000000510CEF9A3B77EEB3E3C68D6B2A1432BA13E734CE6D510A57A7E71D0000A0346FDEBC3716C5F09FE3E99469A990D19DB834B838B77F5F14C3D7A6E71D0000A0D2D3D3F3BB459E9D366D5A53B190D199E9D3A7BF589CD37F77D928000030284581F85414C318317429E9E84D9CBBD9B367C708E1BF17E7F3BFA4E719000060BFBABABA7EAF28134FCF9933E7D9C9932737150E19D9897316F71016E7F01F7B7B7BDF9D9E5F00008097B460C18237C5EB0B8A94234E9E4C3AF21365B0BDBD3D5E3BF16251086FEBECEC3C213DAF00000007A528871F2C0AC657A31CCE9B37EF99193366E4ADADAD6501993871A20C63E21CC4B988735214C067E21C1579A8385FBF939E470000805F4A6F6FEF6FCC9F3FFFB4AEAEAEAF15A5E3DFFA0BC8A8CC99679E995F7BEDB565CE38E38CA6F9A32CFFABC8C345BA8BF3F3D6F4BC0100000C89254B961CBB60C1829347636EBBEDB6A93B76ECC8231B366CF8BFD2F9A325C539383A3D2F000000BC84A20C7EA2510A8B7C209D0F0000C018A614020000D4985208000050634A210000408D298500000035A614020000D4985208000050634A210000408D298500000035A614020000D4985208000050634A210000408D298500000035A614020000D4985208000050634A210000408D298500000035A614020000D4985208000050634A210000408D298500000035B175EBD637ECDCB9B32DC9B24629ECEBEBBB309D5F4CFFB5743B0000008C42BB76ED3AB628793F183032F852792CCFF3A3D2ED000000304AF58FFEA5E56F7FF954BA3E000000A3D8418C161A25040000188B06395A6894100000602C1AC468A15142000080B1EC25460B8D120200008C6507182D344A0800005007FB192D344A0800005007FB182D344A0800005027C968A151420000803A19305A6894100000E060B4B7B71FD7D3D3F39EEEEEEE3F293EDB8ACF738BCFCF8CB6AC5CB9F28BD75C73CDADE9F4D190F9F3E79F5D7CB67575757DBCF8FFFFAD69D3A6BD323D4F00000087CDDCB9735F5B948F194511D956E4D9227991173A3B3B7F3E67CE9C9F7774748CBA8CD6E38E14E7E367F17F5F9C8317E35C14E7E69922F7146571EAE2C58B5F939E3F00008043D2DBDBFBAAA2749C55E4A745E97876D6AC592F9C7AEAA9F9F8F1E3F3534E39454640E25CB4B6B6E6C5B9F9459CA322FF5A9CAFF94B962C79797A3E01000006ADFFD2C47F2E3E9F9D3A756A3E6EDCB8A64222232B718EDADADAF2E29C3D5714C3FF519CBF0FA4E7150000E025CD9F3F7F5E5C1E3A63C68C1794C1D19738673367CE7CA13887510EA7A4E717000060BFBABABA2EEDEEEEFEC59429539ACA868CAEC4086F94FBE27C9E919E6700008026F1A09228112D2D2D4D05434667E21ED038A70B162CF8747ABE0100002ADDDDDDBF1F971BC6E8525A2C0E94F1E38AE231797CDE366542F919DFD3656478336DDAB4178BF3FBF3DEDEDE77A7E71D0000201C5514C26FC5132CD342B1BF44F96B6B9D90F7769E9A5F78665B7EF9F9D38BCF69E5F7983EDEBD88232A1D1D1DCF17C5F0CBE98907000088CB462716A5F0F90913263495897D655C14C22913F28B8A1278C7F59DF9831B7BF387EF382D7FA8F88CEF5112A318C672E9BA323C9938716279196971AE3F919E7F0000A0E6BABBBBFF7EFAF4E92FA645627F696D199F9F7BDAD4FCEE555DF937EF3B3DFFEEF633F327FBCE2A3F1F2BBEDFBDAAB39C1FCBA5EBCAF0259E485A9CEB6FA5E71F0000A8B1A224FC4E4F4F4F3992949688FDA57DC6A47CCDB28EFC6FBE785AFEF8D6C5F9B7EE3FBD4A7C8FE96BAFECC83B8AE5D27565F83269D2A4182D8CF718FE7AFA3B0000006AAA28094BE6CE9DFBF3B4401C289DED93F33B5776E5DFDEB677216C24A6DF55CCEFEAF014D3919679F3E6FDBCBBBB7B41FA3B0000006AAA28088F4F9B36ADA93C1C285D45298CD2A7148EBECC9831232FCEF95FA7BF030000A0A68A82F06FADADAD4DE5E14089CB47D72EEBC8BF76F79ECB47D37CEDEE85E5E5A52E1F1D7989578E14E7FC1FD3DF0100005043453978454F4FCF8B93274F6E2A0F074ABC8F301E2473CFEA3D0F9AD93342B867D430BEC7F473164E29974BD795E14D4B4B4BDC57F84CFA5B0000006AA8B3B3F36D07FB9099C8B853F6BCA3F0C233A6E5B75DD799F7DD3C3FDF756B6FF979EB75F3F20BCED8F34A8A743D19FE341E36D3DEDEFE6BE9EF010000A899AEAEAE774641183FFEE047F4E2E5F43112D833A725BFE8AC69F9D2F367949FDDC5F7981E2FB74FD791E14FFFFB0AE381336F4C7F0F000040CD1C6A291C3F7ECF25A4D3A64ECC674D9F94CF993539EF6C6F293FE3FBF4627A590CC737AF2BC31BA5100000A81C6C291C37EE94BC65D2F87CCECCC9F9798BA6E6CB96CCCC975F3C2BBFF6D2D955E2FBB2CFCC28E6B795CBC5F2B15EBA2D199E2885000040E5604AE1B871E3F2196D13CBFB056FFCFCDC7CCBBA9EFCA15B17E45FDED49B7FE5CE85454E2B3FE37B4C8FF9377E6E6E79DFE18CA913CBF5D36DCA918F5208000054065B0AC78F1F575E127AD9B9D3F3FBD7F7E47FBB7951FF3B0AF7FD9EC298FEEDAD8BF3C7EE3B3DBFBF28879F3D677AB97E6C27DDB61CD9288500004065B0A530EE0F8C11BF287851F4A210FEEFF7129EBE8FEC9917CBC5F25B6EE8C92F58DCE6151523204A21000050194C298CD1BD7880CC4D57CFDDAB10368F0E366760318CF5633B460B87374A21000050194C298CD1BD7811FDD6F53DF9130F9C7180D1C1FD6571B95E5C76EA85F6C31FA5100000A80CA614C6BD80F134D187362EC8BF5394BB18F93BD844298C87CFC476627BE93EE4C845290400002A832985F1C4D1CBCF9B5E3E4DF4CB9BF63C5DF44BB70F3EB1FCC3772CCCEFBBA13BBFE2BC19E5F6D27DC8918B520800005406530AE372CFD3BA5AF3A59F9951BE8370F925B30F3EC57A4B3F33335F546CA7D5E5A3C31AA5100000A80CA6148E1FB7A718C6659FB3A64D3AE4C4FA5108637BE93EE4C845290400002A83298532B6A21402000015A5B07E510A0100808A5258BF28850000404529AC5F94420000A0A214D62F4A21000050510AEB17A5100000A82885F58B520800005494C2FA45290400002A4A61FDA21402000015A5B07E510A0100808A5258BF2885000040652496C2389EF3CE3BAF69FAFE326EDCB87CE9D2A5F9CC99339BE60D26B1BF73CF3DB7697A9ADEDEDEFC820B2ED86BDAE9A79F9E777474342D3B92A31402000095A12C85B1CD75EBD69525A4B3B3335FB870E15EB9E28A2BCA42D7587EEEDCB9F9A2458BCADC72CB2DE5E735D75C5396BD0B2FBCB05AEFB2CB2ECB274D9AB4D7BEE6CC9993AF5FBFBEDCDE82050B9AF6336BD6AC6AD9D85E94C081CBDC79E79D7B7D8F521A856FE03EA214C6710C9C16C711FFC681D3467A94420000A032D85218CBA4A5AE91284AD75D77DD5E052F72C6196754236B2D2D2DF969A79D568D0046495CB162C55EFB9D3C79F27E47DD56AF5E5D7E46A159BB766DB55EA304C6DF512AE3B3B5B575AFED7EE10B5FD86B14314A657B7B7BF53DB611DB1DB8BFCF7EF6B3D5F6625EFC3B2FBEF8E2B2A47EFEF39FCFCF3AEBACAAC05E7EF9E5E567FC7B635F13264CD86B5B232D4A21000050196C293CF5D4535F72998189A275EDB5D7969F318A377BF6ECB2389D7DF6D9E5FCABAFBEBA9C96AE77FEF9E757252F0A658CCEC5DF2B57AE2C3F631B8D698DC428DF818A5814B569D3A655DF8B32B4D7FCF877DD7CF3CD7B95DAF8F70E5C26B61FE5B73152D8F8BF887F63FCFFA5FB1CC9510A010080CA604BE1C1262ECF6C14B1356BD6E4C57ECAD1B5184D8B5212D3D27522B14E94B8F83B461F1BC7D52885315A97AEB361C386A669039396C24814CB81A39D37DD7453F5F725975C528D120E4C8C50AE5AB5AA1A759C3E7D7ABE6CD9B2F2EF28B3F16F4BD71989510A010080CA5094C21865BBEDB6DBF28B2EBAA81C113CF3CC33CBE9F13DF675E9A597E6CB972FCF972C595215A9B837AF71396694B2B8CC342ECB8C2219976B364A61635B0313A37CE9B481D957294C1F4C73FDF5D7577FC768605A0AE3FFE79E7BEE294BE9C68D1BCBEDC565A871596C5B5B5B790C5134D3CB50476294420000A03214A53012DB8BD215C5A9312D0A628CAE4D9D3AB59C9F5E421A65324A57A31C46016C5CAED928853192975E767A28A5301E3E13A37B8D7DC5361A7FC725A171C9EBC0E5E3A1335152E37862FF714F621CFFE2C58BCB756324F4AEBBEE6A5A6F2446290400002A43550AE3A1318DA78BC6B6E39EBC78B0CC942953AA7D352E131D98819795CE9F3FBF1C4D8CBF1BA530B6170F7B19B8CEA194C2287807335218E536EE754C9F3E1AA39ADDDDDD65914CEF751CA9510A010080CAE12C858D4B27635B71F968DC13180F8B698CEEC5259B313F460A63442E46D7D26DC43D7B8DBFA314369E56DA2885911B6FBC71AF87C21C4A298C6339D048613C1DB5B16C8C6EC6FAE92B29E2D8E2A135510CA300A7FB1DA9510A010080CA4B95C2C6EB185E2A51BCE2612D8D6218236D8D6D46818B91B6785544FC1DA374E9685F2303CB59DC7B18C52DA647298C575A5C75D5554D2530FD9E665FA530B615A3998DEF03470AA3ACC68866BA9D46298CFB08E3F86299288471196994CCF4C5F623354A2100005079A9521889F293BE83F04089D211652E5E3F11DB8E77FEC5BD76313D1E30130F9C893215652D46E106AE9B5E3E9A8E1446194B5F17112FBA4F8F2112C534968F51CB189D4CE73712FFB6812391FB4BE3C9A4F17714DC7800CEC0278E46398C229BAE37D2A21402000095C194C243493C91333EA30C46218B7DC4FD81034B6094AC78B0CCC0770C0EBCCF6FE0F42BAFBCB2691F8D0CBCE4344DBC1A63E028E0BE1225E940DB6F24460AA304C6A5A5E79C734ED39346E37BE31EC8911CA5100000A80C552994911BA5100000A82885F58B520800005494C2FA45290400002A4A61FDA21402000015A5B07E510A0100808A5258BF28850000404529AC5F94420000A0A214D62F4A21000050510AEB17A5100000A82885F58B520800005494C2FA45290400002A4A61FDA21402000015A5B07E510A0100808A5258BF28850000404529AC5F94420000A0A214D62F4A21000050510AEB17A5100000A82885F58B520800005494C2FA45290400002A4A61FDA21402000015A5B07E510A0100808A5258BF28850000404529AC5F94420000A0A214D62F4A21000050510AEB17A5100000A82885F58B520800005494C2FA45290400002A4A61FDA21402000015A5B07E510A0100808A5258BF28850000404529AC5F94420000A0A214D62F4A21000050510AEB17A5100000A814E5E03F464198306142537990B1994629ECEEEE7E43FA7B0000006A66C18205C7474198346952537990B19996969628852F8C1F3FFE98F4F7000000D45051109E89A2909607199B696D6D8D51C29FA4BF030000A0A68A82F00F53A74E6D2A0F3236336DDAB42885DF4E7F070000404DF5F4F4AC6F6F6F7F2E2D0F32363367CE9C678A737E55FA3B0000006AAA28089FEAEEEE7E7EDCB8714D0542C656E229B3713F6171BE3F92FE0E0000809A6A6F6F3FAE2809CFC4BD66698990B195B84CB838D7FFEA21330000C05EE6CF9FBFACB3B3F319A3856337716EBBBABA9EEDE9E939273DFF000040CDF5F6F6BEAE280BFF9F07CE8CDDC403668A73FC3F6364383DFF000000315AD81BF716C6CBCDD34221A33B93274F8ECB467F5194C2E9E9790700006838AA280E5FECECEC7C361E4892160B199D99306142E3B2D1F5E909070000D84BFF43679E983367CEB35126D28221A32B31EA3B77EEDC678B73FA374B962C79797ABE0100009A1485F0C4281131BA3469D2A4A6A221A3232D2D2D3142F85C4F4FCF430B162C383E3DCF000000FB15A34A4531BC31EE439B3973E60B2E271D3D8911DE3867F13EC222CBBD7E02000038644529FC64911F14796EFAF4E9E5034BD212222323716E66CC98114F187DBE385FDF29F227E9F9040000386831D2144FAD8C4B4A8BBC58E4D9F6F6F66767CD9A95475194E14B9C83381751DA6364B0F87CA4F86C294EDB51E979040000F8A515A5E30DFD057159F1794BF1F9D5D1988B2FBEF8892D5BB63C1359B264C9E3E9FCD192F9F3E7DF5CE48AE25C4C993B77EE6BD3F3050000C03EECD8B1E31345F2FE7C209D0F0000C018A614020000D4985208000050634A210000408D298500000035A614020000D4985208000050634A210000408D298500000035A614020000D4985208000050634A210000408D298500000035A614020000D4985208000050634A210000408D298500000035A614020000D4985208000050634A210000408D298500000035A614020000D4985208000050634A210000404D3CF0C0036F2A8ADF0F76EEDCF9A3468AEFFF34A014FEDFC9BCEFEEDAB5EBF8743B0000008C5245D95B37A004BE543E97AE0F0000C028F6C0030FFC6651F69EDF47014CF3B318594CD707000060941BE468A15142000080B16810A3854609010000C6B297182D344A08000030961D60B4D028210000401DEC67B4D028210000401DEC63B4D028210000409D24A3854609010000EA64C068A151420000803AC9B3EC981F65D9C97F7DCB2DF73F74CB2D373D996527A4CB00000030467C2FCBDEBC3BCB3A7E9865DB8B3C5D248F7CEFA493F2EFBDEE75E5DF459E2B96F9EE53597675F1F9B15D59766CBA1D0000004691A2DC7DBC287B0F374A609AEFBFE635F90F8F39A6697A7FFEA5C8A53FCAB2E3D3ED02000030823D9565EF2DB2AD51F09EFCF55FCFBFB26449BE73EBD6F435144D79F09E7BF247DBDAAAB2586CE727C5E7C227B2ECE5E97E00000018618A0237B7C8F365212C8ADD777FEBB7F287BEF8C5A6F2F752F96FE79F9F7FE7B77F7BE0C8E1D7FF21CB4E4AF7070000C00810F70016C5EDFA4689FBDBD6D6A6A27728D9B5716379EF616C737796FDB8F87C7FBA6F00000086519E654717656D7314B7C73FF8C1A6627738F2E5ABAF6E8C18FEECA92CFBE3F4180000001826BBB36C69E372D1BF5EB7AEA9D01DAE3CFE877F98EF3EEAA828864FC72B2DD2E3000000E0082B0A615B14C26F7FE843F99756AC682A7203F3F035D7E4DF7BF39BF31F1E7B6CFAA4D1B2507EF3D39FCE1FBCF7DEA6F5F6DAC6555735D679FC892C7B757A3C0000001C21F1E097A29CFD344ADA23975DD654E01A89A78E3E366142BEFB15AF682E8349E235150F2F5DDAB48D81F9EF6F7B5B63F9CFA5C7040000C011B23BCB5645397BEC94539A8A5B59061F7820FFEAB9E73615BFC1E489F7BD2F7F643FE570D72DB734967BC665A4000000C3E0EFB3EC5D45297BFE7B279C90EFD8B6ADA9B8C5B4EFBDEE754D65EF6013AFA668DA769187366ECC77EFB90C75437A6C0000000CB1A28CAD89D2F6F58E8EA6C216F9CA05173415BC43C977DFF5AEA66D37F2C49EF718BEF05496BD2D3D3E00000086489E65C71465ECE927DFF18EA6A21679F0AEBBF2DD2F7B5953C13BD47CEFC413F31D5BB736EDE76B679E59CEDF9D65DDE93102000030449ECAB20F4719FBBB3FFBB3A6A2168917D7A7C5EE97CD572EBFBC693F5F5ABBB6317F677A8C0000000C91A2145E11652C1E229316B52F5F7B6D53A13B1C79FC031F68DA572446118BF9CF15F9B5F43801000018024501DB1C45ED4B37DCD054D2BED1D6D654E80E47761F7D74BEE381079AF6F7F8473F5ACEFF4196FDE7F43801000018024509FB4614B187EEBCB3A9A4C525A569A13B5CD975EBAD4DFB7BEC539F6ACCFFAFE97102000030047667D98FE3413269418B7CE7777FB7A9CC1DAE3C72E5954DFB7B74EAD47CF75147E54F65D9ECF438010000180245417B667FA5F08977BDABA9CC1DAE3CB28F87CD7C7DF6ECFC07AF7C65CC3F2B3D4E0000008640395278ECB14D052DF29DDFF99DA63277B8F2C8B2654DFB7B34EE613CFA68238500000047CA0FFBEF29DC75FBED4D25EDEFFEE44F9ACADCE1CAAE8D1B9BF6F7CD4F7FBA31DF3D8500000047C20F1B4F1F5DBDBAA9A43D3A04EF282C132393DBB635EDEFF18F7DAC9CEFE9A30000004748F59EC2D34F6F2A690F7FEE73CD85EE30E4F13FFAA3A67D45BEEF3D850000004756510A3F1C45ED6F274F6E2A693BEFBF3FDF7DDC714DA5EE97CD37A64F6FDA57BCB7F087C71C13F377A6C7080000C010C9B3EC98A2883DFDDF4F3EB9B9A815897B0DE3E9A469B13BD47CFFF5AFDFE78BEBBFBA7871397F779675A7C7080000C0102ACAD89A28648F9D724A53592B0BDB79E73595BB43C913EF794FD3B61B79E2DDEF8E655E782ACBDE961E1F00000043E8EFB3EC5D45217B3EDE11F8E0FDF73715B69D5BB7E6DF7FC31B9A4ADEC1E66B8B17376D3BB2EB965BCA87CF14CB6C488F0D00008023607796AD8AE2F6779FFC6453692B8BE1B66DF957CF39A7A9E80D264FFEC66FE4FFEDBCF39AB61979E8D65BF31F1E75542CF7CC8FB2ECE4F4B80000003802FE21CB4E2A8AD94FBFFFDAD7E63BB76F6F2A6F8D7CEB139F682A7D07CAEE57BE32FFD29A354DDB69E4EB73E63496FD5C7A4C0000001C41BBB3AC2D0A5ABC32E24B2B573615B8817978F9F2FCC9934FCE77EFB9EC73EF2278F4D1F937FFE22FF207EFBDB769BD81F9F2B5D736D679FC892C7B757A3C0000001C6145315C5A16B597BD2C7F68E3C6A62277B8F2F8473F9AFFB0288FC5BE9E76D9280000C0089167D9D14551DB1CC5F05B1FFE7053993B1C8951C8DD7BEE23FCD95359F6C7E931000000308C7665D9B14561BBBE7139E83766CC682A76879287EEB8238FF72196979866D98F8BCFF7A7FB0600006084284ADBDC22CFC7659E5FB9E082F2D51469D11B6C1EDCB2257FE2B77FBB710FE1D7E3C136E9FE00000018619ECAB2F716D9D618358C87CB3C72C925F98E6DDB9A8A5F9A28918F4E9FDE7807615E6CE727C5E7C227B2ECE5E97E00000018C17667D9C78B42F770A31CA6D9FDAA57354D1B907F2972E98FB2ECF874BB0000008C22DFCBB2371705B1A32879DB8B3CBD8F021879AE58E6BB4F65D9D5C5E7C7E21EC5743B0000008C0179961D13AF9428CADF877E9065EF7E32CB4E489701000000000000000000000000000000000000000000000000000000000000000000000000000000000000000000000000000000000000000000000000000000000000000000000000000000000000000000000000000000000000000000000000000000000000000000000000000000000000000000000000000000000000000000000000000000000000000000000000000000000000000000000000000000000000000000000000000000000000000000000000000000000000000000000000000000000000000000000000000000000000000000000000000000000000000000000000000000000000000000000000000000000000000000000000000000000000000000000000000000000000000000000000000000000000000000000000000000000000000000000000000000000000000000000000000000000000000000000000000000000000000000000000000000000000000000000000000000000000000000000000000000000000000000000000000000000000000000000000000000000000000000000000000000000000000000000000000000000000000000000000000000000000000000000000000000000000000000000000000000000000000000000000000000000000000000000000000000000000000000000000000000000000000000000000000000000000000000000000000000000000000000000000000000000000000000000000000000000000000000000000000000000000000000000000000000000000000000000000000000000000000000000000000000000000000000000000000000000000000000000000000000000000000000000000000000000000000000000000000000000000000000000000000000000000000000000000000000000000000000000000000000000000000000000000000000000000000000000000000000000000000000000000000000000000000000000000000000000000000000000000000000000000000000000000000000000000000000000000000000000000000000000000000000000000000000000000000000000000000000000000000000000000000000000000000000000000000000000000000000000038CCFE7FD64285C5F55572540000000049454E44AE426082, 0);
INSERT INTO `act_ge_bytearray` VALUES ('3d39a365-7a6f-11ee-a709-64d69a9c9696', 1, 'BPMN/outInventory.bpmn', '3d392e33-7a6f-11ee-a709-64d69a9c9696', 0x3C3F786D6C2076657273696F6E3D22312E302220656E636F64696E673D225554462D38223F3E0D0A3C646566696E6974696F6E7320786D6C6E733D22687474703A2F2F7777772E6F6D672E6F72672F737065632F42504D4E2F32303130303532342F4D4F44454C2220786D6C6E733A7873693D22687474703A2F2F7777772E77332E6F72672F323030312F584D4C536368656D612D696E7374616E63652220786D6C6E733A7873643D22687474703A2F2F7777772E77332E6F72672F323030312F584D4C536368656D612220786D6C6E733A61637469766974693D22687474703A2F2F61637469766974692E6F72672F62706D6E2220786D6C6E733A62706D6E64693D22687474703A2F2F7777772E6F6D672E6F72672F737065632F42504D4E2F32303130303532342F44492220786D6C6E733A6F6D6764633D22687474703A2F2F7777772E6F6D672E6F72672F737065632F44442F32303130303532342F44432220786D6C6E733A6F6D6764693D22687474703A2F2F7777772E6F6D672E6F72672F737065632F44442F32303130303532342F44492220747970654C616E67756167653D22687474703A2F2F7777772E77332E6F72672F323030312F584D4C536368656D61222065787072657373696F6E4C616E67756167653D22687474703A2F2F7777772E77332E6F72672F313939392F585061746822207461726765744E616D6573706163653D22687474703A2F2F7777772E61637469766974692E6F72672F70726F63657373646566223E0D0A20203C70726F636573732069643D226F7574496E76656E746F727922206E616D653D226F7574496E76656E746F72792220697345786563757461626C653D2274727565223E0D0A202020203C73746172744576656E742069643D227369642D35393966373165312D333465332D346232312D616362362D30313564373835373431336122206E616D653D22E5BC80E5A78B222F3E0D0A202020203C656E644576656E742069643D227369642D30623336373737612D366235302D343161302D616533382D643036356332366261393262222F3E0D0A202020203C757365725461736B2069643D227369642D31666161376634312D323532302D343534642D623532642D64653834323437666632636222206E616D653D22E4B880E7BAA7E983A8E997A8E5AEA1E6A0B8222061637469766974693A61737369676E65653D22247B61737369676E6565307D222F3E0D0A202020203C757365725461736B2069643D227369642D33353063353964342D363038382D343262642D623238652D37646637366137313061643722206E616D653D22E4BA8CE7BAA7E983A8E997A8E5AEA1E6A0B8222061637469766974693A61737369676E65653D22247B61737369676E6565317D222F3E0D0A202020203C73657175656E6365466C6F772069643D227369642D66373261336461642D383234382D343562362D386133352D6165383863633065646664632220736F757263655265663D227369642D35393966373165312D333465332D346232312D616362362D30313564373835373431336122207461726765745265663D227369642D31666161376634312D323532302D343534642D623532642D646538343234376666326362222F3E0D0A202020203C73657175656E6365466C6F772069643D227369642D64656434653662302D653037392D346665642D393466382D3331666335666563313462302220736F757263655265663D227369642D33353063353964342D363038382D343262642D623238652D37646637366137313061643722207461726765745265663D227369642D30623336373737612D366235302D343161302D616533382D643036356332366261393262222F3E0D0A202020203C6578636C7573697665476174657761792069643D227369642D65383563633538632D386464382D343235302D613135342D376433386164393532663637222F3E0D0A202020203C73657175656E6365466C6F772069643D227369642D35663466616163632D663136612D343731652D396661392D6639376237333264353462612220736F757263655265663D227369642D31666161376634312D323532302D343534642D623532642D64653834323437666632636222207461726765745265663D227369642D65383563633538632D386464382D343235302D613135342D376433386164393532663637222F3E0D0A202020203C73657175656E6365466C6F772069643D227369642D62363766366635652D326265632D343434632D383863332D6431623539613138653238392220736F757263655265663D227369642D65383563633538632D386464382D343235302D613135342D37643338616439353266363722207461726765745265663D227369642D33353063353964342D363038382D343262642D623238652D376466373661373130616437223E0D0A2020202020203C636F6E646974696F6E45787072657373696F6E207873693A747970653D2274466F726D616C45787072657373696F6E223E247B73686F704F776E657241756469747D3C2F636F6E646974696F6E45787072657373696F6E3E0D0A202020203C2F73657175656E6365466C6F773E0D0A202020203C73657175656E6365466C6F772069643D227369642D66633536376638642D653030392D343132342D626338332D3638363332306265656263622220736F757263655265663D227369642D65383563633538632D386464382D343235302D613135342D37643338616439353266363722207461726765745265663D227369642D30623336373737612D366235302D343161302D616533382D643036356332366261393262223E0D0A2020202020203C636F6E646974696F6E45787072657373696F6E207873693A747970653D2274466F726D616C45787072657373696F6E223E247B2173686F704F776E657241756469747D3C2F636F6E646974696F6E45787072657373696F6E3E0D0A202020203C2F73657175656E6365466C6F773E0D0A20203C2F70726F636573733E0D0A20203C62706D6E64693A42504D4E4469616772616D2069643D2242504D4E4469616772616D5F6F7574496E76656E746F7279223E0D0A202020203C62706D6E64693A42504D4E506C616E652062706D6E456C656D656E743D226F7574496E76656E746F7279222069643D2242504D4E506C616E655F6F7574496E76656E746F7279223E0D0A2020202020203C62706D6E64693A42504D4E53686170652069643D2273686170652D66326664663865642D656538632D343132392D616433652D353733313632643633636132222062706D6E456C656D656E743D227369642D35393966373165312D333465332D346232312D616362362D303135643738353734313361223E0D0A20202020202020203C6F6D6764633A426F756E647320783D222D3635322E302220793D222D3438302E3735222077696474683D2233302E3022206865696768743D2233302E30222F3E0D0A2020202020203C2F62706D6E64693A42504D4E53686170653E0D0A2020202020203C62706D6E64693A42504D4E53686170652069643D2273686170652D61353861313335322D393834362D343733312D386130382D636135626434303233326233222062706D6E456C656D656E743D227369642D30623336373737612D366235302D343161302D616533382D643036356332366261393262223E0D0A20202020202020203C6F6D6764633A426F756E647320783D222D3635312E39393939342220793D222D3138392E3235222077696474683D2233302E3022206865696768743D2233302E30222F3E0D0A2020202020203C2F62706D6E64693A42504D4E53686170653E0D0A2020202020203C62706D6E64693A42504D4E53686170652069643D2273686170652D63656230303236342D313139652D343735362D396132332D386237333538323132383132222062706D6E456C656D656E743D227369642D31666161376634312D323532302D343534642D623532642D646538343234376666326362223E0D0A20202020202020203C6F6D6764633A426F756E647320783D222D3837322E302220793D222D3432322E3735222077696474683D223130302E3022206865696768743D2238302E30222F3E0D0A2020202020203C2F62706D6E64693A42504D4E53686170653E0D0A2020202020203C62706D6E64693A42504D4E53686170652069643D2273686170652D33326238663263392D343566642D343136612D393665622D656439363065353330623338222062706D6E456C656D656E743D227369642D33353063353964342D363038382D343262642D623238652D376466373661373130616437223E0D0A20202020202020203C6F6D6764633A426F756E647320783D222D3839362E39393939342220793D222D3236342E3235222077696474683D223130302E3022206865696768743D2238302E30222F3E0D0A2020202020203C2F62706D6E64693A42504D4E53686170653E0D0A2020202020203C62706D6E64693A42504D4E456467652069643D22656467652D38313836613362312D663233352D343838312D623565332D336338366538646535646537222062706D6E456C656D656E743D227369642D66373261336461642D383234382D343562362D386133352D616538386363306564666463223E0D0A20202020202020203C6F6D6764693A776179706F696E7420783D222D3634342E352220793D222D3435302E3735222F3E0D0A20202020202020203C6F6D6764693A776179706F696E7420783D222D3832322E302220793D222D3432322E3735222F3E0D0A2020202020203C2F62706D6E64693A42504D4E456467653E0D0A2020202020203C62706D6E64693A42504D4E456467652069643D22656467652D33613736313336642D643131642D343765622D613565322D366366663163363132633364222062706D6E456C656D656E743D227369642D38633138336466362D643130342D346135332D613161612D616362663864343334313235223E0D0A20202020202020203C6F6D6764693A776179706F696E7420783D222D3633372E302220793D222D3334322E3735222F3E0D0A20202020202020203C6F6D6764693A776179706F696E7420783D222D3633372E302220793D222D3331342E3235222F3E0D0A2020202020203C2F62706D6E64693A42504D4E456467653E0D0A2020202020203C62706D6E64693A42504D4E456467652069643D22656467652D36323033616533352D653564322D343632622D613236642D333638636664306538303430222062706D6E456C656D656E743D227369642D64656434653662302D653037392D346665642D393466382D333166633566656331346230223E0D0A20202020202020203C6F6D6764693A776179706F696E7420783D222D3834362E39393939342220793D222D3138342E3235222F3E0D0A20202020202020203C6F6D6764693A776179706F696E7420783D222D3633362E39393939342220793D222D3138392E3235222F3E0D0A2020202020203C2F62706D6E64693A42504D4E456467653E0D0A2020202020203C62706D6E64693A42504D4E53686170652069643D2273686170652D32323464646561642D313236372D346530302D613430642D346433373331336638356337222062706D6E456C656D656E743D227369642D65383563633538632D386464382D343235302D613135342D376433386164393532663637223E0D0A20202020202020203C6F6D6764633A426F756E647320783D222D3637352E302220793D222D3334352E30222077696474683D2234302E3022206865696768743D2234302E30222F3E0D0A2020202020203C2F62706D6E64693A42504D4E53686170653E0D0A2020202020203C62706D6E64693A42504D4E456467652069643D22656467652D62393763666432342D306639312D346437612D626636352D336164326530383736383834222062706D6E456C656D656E743D227369642D35663466616163632D663136612D343731652D396661392D663937623733326435346261223E0D0A20202020202020203C6F6D6764693A776179706F696E7420783D222D3737322E302220793D222D3336322E3735222F3E0D0A20202020202020203C6F6D6764693A776179706F696E7420783D222D3637352E302220793D222D3332352E30222F3E0D0A2020202020203C2F62706D6E64693A42504D4E456467653E0D0A2020202020203C62706D6E64693A42504D4E456467652069643D22656467652D37386566373432612D653838622D346261362D383736382D616339376336316433333165222062706D6E456C656D656E743D227369642D62363766366635652D326265632D343434632D383863332D643162353961313865323839223E0D0A20202020202020203C6F6D6764693A776179706F696E7420783D222D3635352E302220793D222D3330352E30222F3E0D0A20202020202020203C6F6D6764693A776179706F696E7420783D222D3739362E39393939342220793D222D3234342E3235222F3E0D0A2020202020203C2F62706D6E64693A42504D4E456467653E0D0A2020202020203C62706D6E64693A42504D4E456467652069643D22656467652D30313633346664392D653431622D346236642D623532642D646637643064663836326631222062706D6E456C656D656E743D227369642D66633536376638642D653030392D343132342D626338332D363836333230626565626362223E0D0A20202020202020203C6F6D6764693A776179706F696E7420783D222D3633352E302220793D222D3332352E30222F3E0D0A20202020202020203C6F6D6764693A776179706F696E7420783D222D3632392E34393939342220793D222D3138392E3235222F3E0D0A2020202020203C2F62706D6E64693A42504D4E456467653E0D0A202020203C2F62706D6E64693A42504D4E506C616E653E0D0A20203C2F62706D6E64693A42504D4E4469616772616D3E0D0A3C2F646566696E6974696F6E733E0D0A, 0);

-- ----------------------------
-- Table structure for act_ge_property
-- ----------------------------
DROP TABLE IF EXISTS `act_ge_property`;
CREATE TABLE `act_ge_property`  (
  `NAME_` varchar(64) CHARACTER SET utf8mb3 COLLATE utf8mb3_bin NOT NULL,
  `VALUE_` varchar(300) CHARACTER SET utf8mb3 COLLATE utf8mb3_bin NULL DEFAULT NULL,
  `REV_` int NULL DEFAULT NULL,
  PRIMARY KEY (`NAME_`) USING BTREE
) ENGINE = InnoDB CHARACTER SET = utf8mb3 COLLATE = utf8mb3_bin ROW_FORMAT = Dynamic;

-- ----------------------------
-- Records of act_ge_property
-- ----------------------------
INSERT INTO `act_ge_property` VALUES ('cfg.execution-related-entities-count', 'false', 1);
INSERT INTO `act_ge_property` VALUES ('next.dbid', '5001', 3);
INSERT INTO `act_ge_property` VALUES ('schema.history', 'create(7.0.0.0)', 1);
INSERT INTO `act_ge_property` VALUES ('schema.version', '7.0.0.0', 1);

-- ----------------------------
-- Table structure for act_hi_actinst
-- ----------------------------
DROP TABLE IF EXISTS `act_hi_actinst`;
CREATE TABLE `act_hi_actinst`  (
  `ID_` varchar(64) CHARACTER SET utf8mb3 COLLATE utf8mb3_bin NOT NULL,
  `PROC_DEF_ID_` varchar(64) CHARACTER SET utf8mb3 COLLATE utf8mb3_bin NOT NULL,
  `PROC_INST_ID_` varchar(64) CHARACTER SET utf8mb3 COLLATE utf8mb3_bin NOT NULL,
  `EXECUTION_ID_` varchar(64) CHARACTER SET utf8mb3 COLLATE utf8mb3_bin NOT NULL,
  `ACT_ID_` varchar(255) CHARACTER SET utf8mb3 COLLATE utf8mb3_bin NOT NULL,
  `TASK_ID_` varchar(64) CHARACTER SET utf8mb3 COLLATE utf8mb3_bin NULL DEFAULT NULL,
  `CALL_PROC_INST_ID_` varchar(64) CHARACTER SET utf8mb3 COLLATE utf8mb3_bin NULL DEFAULT NULL,
  `ACT_NAME_` varchar(255) CHARACTER SET utf8mb3 COLLATE utf8mb3_bin NULL DEFAULT NULL,
  `ACT_TYPE_` varchar(255) CHARACTER SET utf8mb3 COLLATE utf8mb3_bin NOT NULL,
  `ASSIGNEE_` varchar(255) CHARACTER SET utf8mb3 COLLATE utf8mb3_bin NULL DEFAULT NULL,
  `START_TIME_` datetime(3) NOT NULL,
  `END_TIME_` datetime(3) NULL DEFAULT NULL,
  `DURATION_` bigint NULL DEFAULT NULL,
  `DELETE_REASON_` varchar(4000) CHARACTER SET utf8mb3 COLLATE utf8mb3_bin NULL DEFAULT NULL,
  `TENANT_ID_` varchar(255) CHARACTER SET utf8mb3 COLLATE utf8mb3_bin NULL DEFAULT '',
  PRIMARY KEY (`ID_`) USING BTREE,
  INDEX `ACT_IDX_HI_ACT_INST_START`(`START_TIME_` ASC) USING BTREE,
  INDEX `ACT_IDX_HI_ACT_INST_END`(`END_TIME_` ASC) USING BTREE,
  INDEX `ACT_IDX_HI_ACT_INST_PROCINST`(`PROC_INST_ID_` ASC, `ACT_ID_` ASC) USING BTREE,
  INDEX `ACT_IDX_HI_ACT_INST_EXEC`(`EXECUTION_ID_` ASC, `ACT_ID_` ASC) USING BTREE
) ENGINE = InnoDB CHARACTER SET = utf8mb3 COLLATE = utf8mb3_bin ROW_FORMAT = Dynamic;

-- ----------------------------
-- Records of act_hi_actinst
-- ----------------------------

-- ----------------------------
-- Table structure for act_hi_attachment
-- ----------------------------
DROP TABLE IF EXISTS `act_hi_attachment`;
CREATE TABLE `act_hi_attachment`  (
  `ID_` varchar(64) CHARACTER SET utf8mb3 COLLATE utf8mb3_bin NOT NULL,
  `REV_` int NULL DEFAULT NULL,
  `USER_ID_` varchar(255) CHARACTER SET utf8mb3 COLLATE utf8mb3_bin NULL DEFAULT NULL,
  `NAME_` varchar(255) CHARACTER SET utf8mb3 COLLATE utf8mb3_bin NULL DEFAULT NULL,
  `DESCRIPTION_` varchar(4000) CHARACTER SET utf8mb3 COLLATE utf8mb3_bin NULL DEFAULT NULL,
  `TYPE_` varchar(255) CHARACTER SET utf8mb3 COLLATE utf8mb3_bin NULL DEFAULT NULL,
  `TASK_ID_` varchar(64) CHARACTER SET utf8mb3 COLLATE utf8mb3_bin NULL DEFAULT NULL,
  `PROC_INST_ID_` varchar(64) CHARACTER SET utf8mb3 COLLATE utf8mb3_bin NULL DEFAULT NULL,
  `URL_` varchar(4000) CHARACTER SET utf8mb3 COLLATE utf8mb3_bin NULL DEFAULT NULL,
  `CONTENT_ID_` varchar(64) CHARACTER SET utf8mb3 COLLATE utf8mb3_bin NULL DEFAULT NULL,
  `TIME_` datetime(3) NULL DEFAULT NULL,
  PRIMARY KEY (`ID_`) USING BTREE
) ENGINE = InnoDB CHARACTER SET = utf8mb3 COLLATE = utf8mb3_bin ROW_FORMAT = Dynamic;

-- ----------------------------
-- Records of act_hi_attachment
-- ----------------------------

-- ----------------------------
-- Table structure for act_hi_comment
-- ----------------------------
DROP TABLE IF EXISTS `act_hi_comment`;
CREATE TABLE `act_hi_comment`  (
  `ID_` varchar(64) CHARACTER SET utf8mb3 COLLATE utf8mb3_bin NOT NULL,
  `TYPE_` varchar(255) CHARACTER SET utf8mb3 COLLATE utf8mb3_bin NULL DEFAULT NULL,
  `TIME_` datetime(3) NOT NULL,
  `USER_ID_` varchar(255) CHARACTER SET utf8mb3 COLLATE utf8mb3_bin NULL DEFAULT NULL,
  `TASK_ID_` varchar(64) CHARACTER SET utf8mb3 COLLATE utf8mb3_bin NULL DEFAULT NULL,
  `PROC_INST_ID_` varchar(64) CHARACTER SET utf8mb3 COLLATE utf8mb3_bin NULL DEFAULT NULL,
  `ACTION_` varchar(255) CHARACTER SET utf8mb3 COLLATE utf8mb3_bin NULL DEFAULT NULL,
  `MESSAGE_` varchar(4000) CHARACTER SET utf8mb3 COLLATE utf8mb3_bin NULL DEFAULT NULL,
  `FULL_MSG_` longblob NULL,
  PRIMARY KEY (`ID_`) USING BTREE
) ENGINE = InnoDB CHARACTER SET = utf8mb3 COLLATE = utf8mb3_bin ROW_FORMAT = Dynamic;

-- ----------------------------
-- Records of act_hi_comment
-- ----------------------------

-- ----------------------------
-- Table structure for act_hi_detail
-- ----------------------------
DROP TABLE IF EXISTS `act_hi_detail`;
CREATE TABLE `act_hi_detail`  (
  `ID_` varchar(64) CHARACTER SET utf8mb3 COLLATE utf8mb3_bin NOT NULL,
  `TYPE_` varchar(255) CHARACTER SET utf8mb3 COLLATE utf8mb3_bin NOT NULL,
  `PROC_INST_ID_` varchar(64) CHARACTER SET utf8mb3 COLLATE utf8mb3_bin NULL DEFAULT NULL,
  `EXECUTION_ID_` varchar(64) CHARACTER SET utf8mb3 COLLATE utf8mb3_bin NULL DEFAULT NULL,
  `TASK_ID_` varchar(64) CHARACTER SET utf8mb3 COLLATE utf8mb3_bin NULL DEFAULT NULL,
  `ACT_INST_ID_` varchar(64) CHARACTER SET utf8mb3 COLLATE utf8mb3_bin NULL DEFAULT NULL,
  `NAME_` varchar(255) CHARACTER SET utf8mb3 COLLATE utf8mb3_bin NOT NULL,
  `VAR_TYPE_` varchar(255) CHARACTER SET utf8mb3 COLLATE utf8mb3_bin NULL DEFAULT NULL,
  `REV_` int NULL DEFAULT NULL,
  `TIME_` datetime(3) NOT NULL,
  `BYTEARRAY_ID_` varchar(64) CHARACTER SET utf8mb3 COLLATE utf8mb3_bin NULL DEFAULT NULL,
  `DOUBLE_` double NULL DEFAULT NULL,
  `LONG_` bigint NULL DEFAULT NULL,
  `TEXT_` varchar(4000) CHARACTER SET utf8mb3 COLLATE utf8mb3_bin NULL DEFAULT NULL,
  `TEXT2_` varchar(4000) CHARACTER SET utf8mb3 COLLATE utf8mb3_bin NULL DEFAULT NULL,
  PRIMARY KEY (`ID_`) USING BTREE,
  INDEX `ACT_IDX_HI_DETAIL_PROC_INST`(`PROC_INST_ID_` ASC) USING BTREE,
  INDEX `ACT_IDX_HI_DETAIL_ACT_INST`(`ACT_INST_ID_` ASC) USING BTREE,
  INDEX `ACT_IDX_HI_DETAIL_TIME`(`TIME_` ASC) USING BTREE,
  INDEX `ACT_IDX_HI_DETAIL_NAME`(`NAME_` ASC) USING BTREE,
  INDEX `ACT_IDX_HI_DETAIL_TASK_ID`(`TASK_ID_` ASC) USING BTREE
) ENGINE = InnoDB CHARACTER SET = utf8mb3 COLLATE = utf8mb3_bin ROW_FORMAT = Dynamic;

-- ----------------------------
-- Records of act_hi_detail
-- ----------------------------

-- ----------------------------
-- Table structure for act_hi_identitylink
-- ----------------------------
DROP TABLE IF EXISTS `act_hi_identitylink`;
CREATE TABLE `act_hi_identitylink`  (
  `ID_` varchar(64) CHARACTER SET utf8mb3 COLLATE utf8mb3_bin NOT NULL,
  `GROUP_ID_` varchar(255) CHARACTER SET utf8mb3 COLLATE utf8mb3_bin NULL DEFAULT NULL,
  `TYPE_` varchar(255) CHARACTER SET utf8mb3 COLLATE utf8mb3_bin NULL DEFAULT NULL,
  `USER_ID_` varchar(255) CHARACTER SET utf8mb3 COLLATE utf8mb3_bin NULL DEFAULT NULL,
  `TASK_ID_` varchar(64) CHARACTER SET utf8mb3 COLLATE utf8mb3_bin NULL DEFAULT NULL,
  `PROC_INST_ID_` varchar(64) CHARACTER SET utf8mb3 COLLATE utf8mb3_bin NULL DEFAULT NULL,
  PRIMARY KEY (`ID_`) USING BTREE,
  INDEX `ACT_IDX_HI_IDENT_LNK_USER`(`USER_ID_` ASC) USING BTREE,
  INDEX `ACT_IDX_HI_IDENT_LNK_TASK`(`TASK_ID_` ASC) USING BTREE,
  INDEX `ACT_IDX_HI_IDENT_LNK_PROCINST`(`PROC_INST_ID_` ASC) USING BTREE
) ENGINE = InnoDB CHARACTER SET = utf8mb3 COLLATE = utf8mb3_bin ROW_FORMAT = Dynamic;

-- ----------------------------
-- Records of act_hi_identitylink
-- ----------------------------

-- ----------------------------
-- Table structure for act_hi_procinst
-- ----------------------------
DROP TABLE IF EXISTS `act_hi_procinst`;
CREATE TABLE `act_hi_procinst`  (
  `ID_` varchar(64) CHARACTER SET utf8mb3 COLLATE utf8mb3_bin NOT NULL,
  `PROC_INST_ID_` varchar(64) CHARACTER SET utf8mb3 COLLATE utf8mb3_bin NOT NULL,
  `BUSINESS_KEY_` varchar(255) CHARACTER SET utf8mb3 COLLATE utf8mb3_bin NULL DEFAULT NULL,
  `PROC_DEF_ID_` varchar(64) CHARACTER SET utf8mb3 COLLATE utf8mb3_bin NOT NULL,
  `START_TIME_` datetime(3) NOT NULL,
  `END_TIME_` datetime(3) NULL DEFAULT NULL,
  `DURATION_` bigint NULL DEFAULT NULL,
  `START_USER_ID_` varchar(255) CHARACTER SET utf8mb3 COLLATE utf8mb3_bin NULL DEFAULT NULL,
  `START_ACT_ID_` varchar(255) CHARACTER SET utf8mb3 COLLATE utf8mb3_bin NULL DEFAULT NULL,
  `END_ACT_ID_` varchar(255) CHARACTER SET utf8mb3 COLLATE utf8mb3_bin NULL DEFAULT NULL,
  `SUPER_PROCESS_INSTANCE_ID_` varchar(64) CHARACTER SET utf8mb3 COLLATE utf8mb3_bin NULL DEFAULT NULL,
  `DELETE_REASON_` varchar(4000) CHARACTER SET utf8mb3 COLLATE utf8mb3_bin NULL DEFAULT NULL,
  `TENANT_ID_` varchar(255) CHARACTER SET utf8mb3 COLLATE utf8mb3_bin NULL DEFAULT '',
  `NAME_` varchar(255) CHARACTER SET utf8mb3 COLLATE utf8mb3_bin NULL DEFAULT NULL,
  PRIMARY KEY (`ID_`) USING BTREE,
  UNIQUE INDEX `PROC_INST_ID_`(`PROC_INST_ID_` ASC) USING BTREE,
  INDEX `ACT_IDX_HI_PRO_INST_END`(`END_TIME_` ASC) USING BTREE,
  INDEX `ACT_IDX_HI_PRO_I_BUSKEY`(`BUSINESS_KEY_` ASC) USING BTREE
) ENGINE = InnoDB CHARACTER SET = utf8mb3 COLLATE = utf8mb3_bin ROW_FORMAT = Dynamic;

-- ----------------------------
-- Records of act_hi_procinst
-- ----------------------------

-- ----------------------------
-- Table structure for act_hi_taskinst
-- ----------------------------
DROP TABLE IF EXISTS `act_hi_taskinst`;
CREATE TABLE `act_hi_taskinst`  (
  `ID_` varchar(64) CHARACTER SET utf8mb3 COLLATE utf8mb3_bin NOT NULL,
  `PROC_DEF_ID_` varchar(64) CHARACTER SET utf8mb3 COLLATE utf8mb3_bin NULL DEFAULT NULL,
  `TASK_DEF_KEY_` varchar(255) CHARACTER SET utf8mb3 COLLATE utf8mb3_bin NULL DEFAULT NULL,
  `PROC_INST_ID_` varchar(64) CHARACTER SET utf8mb3 COLLATE utf8mb3_bin NULL DEFAULT NULL,
  `EXECUTION_ID_` varchar(64) CHARACTER SET utf8mb3 COLLATE utf8mb3_bin NULL DEFAULT NULL,
  `NAME_` varchar(255) CHARACTER SET utf8mb3 COLLATE utf8mb3_bin NULL DEFAULT NULL,
  `PARENT_TASK_ID_` varchar(64) CHARACTER SET utf8mb3 COLLATE utf8mb3_bin NULL DEFAULT NULL,
  `DESCRIPTION_` varchar(4000) CHARACTER SET utf8mb3 COLLATE utf8mb3_bin NULL DEFAULT NULL,
  `OWNER_` varchar(255) CHARACTER SET utf8mb3 COLLATE utf8mb3_bin NULL DEFAULT NULL,
  `ASSIGNEE_` varchar(255) CHARACTER SET utf8mb3 COLLATE utf8mb3_bin NULL DEFAULT NULL,
  `START_TIME_` datetime(3) NOT NULL,
  `CLAIM_TIME_` datetime(3) NULL DEFAULT NULL,
  `END_TIME_` datetime(3) NULL DEFAULT NULL,
  `DURATION_` bigint NULL DEFAULT NULL,
  `DELETE_REASON_` varchar(4000) CHARACTER SET utf8mb3 COLLATE utf8mb3_bin NULL DEFAULT NULL,
  `PRIORITY_` int NULL DEFAULT NULL,
  `DUE_DATE_` datetime(3) NULL DEFAULT NULL,
  `FORM_KEY_` varchar(255) CHARACTER SET utf8mb3 COLLATE utf8mb3_bin NULL DEFAULT NULL,
  `CATEGORY_` varchar(255) CHARACTER SET utf8mb3 COLLATE utf8mb3_bin NULL DEFAULT NULL,
  `TENANT_ID_` varchar(255) CHARACTER SET utf8mb3 COLLATE utf8mb3_bin NULL DEFAULT '',
  PRIMARY KEY (`ID_`) USING BTREE,
  INDEX `ACT_IDX_HI_TASK_INST_PROCINST`(`PROC_INST_ID_` ASC) USING BTREE
) ENGINE = InnoDB CHARACTER SET = utf8mb3 COLLATE = utf8mb3_bin ROW_FORMAT = Dynamic;

-- ----------------------------
-- Records of act_hi_taskinst
-- ----------------------------

-- ----------------------------
-- Table structure for act_hi_varinst
-- ----------------------------
DROP TABLE IF EXISTS `act_hi_varinst`;
CREATE TABLE `act_hi_varinst`  (
  `ID_` varchar(64) CHARACTER SET utf8mb3 COLLATE utf8mb3_bin NOT NULL,
  `PROC_INST_ID_` varchar(64) CHARACTER SET utf8mb3 COLLATE utf8mb3_bin NULL DEFAULT NULL,
  `EXECUTION_ID_` varchar(64) CHARACTER SET utf8mb3 COLLATE utf8mb3_bin NULL DEFAULT NULL,
  `TASK_ID_` varchar(64) CHARACTER SET utf8mb3 COLLATE utf8mb3_bin NULL DEFAULT NULL,
  `NAME_` varchar(255) CHARACTER SET utf8mb3 COLLATE utf8mb3_bin NOT NULL,
  `VAR_TYPE_` varchar(100) CHARACTER SET utf8mb3 COLLATE utf8mb3_bin NULL DEFAULT NULL,
  `REV_` int NULL DEFAULT NULL,
  `BYTEARRAY_ID_` varchar(64) CHARACTER SET utf8mb3 COLLATE utf8mb3_bin NULL DEFAULT NULL,
  `DOUBLE_` double NULL DEFAULT NULL,
  `LONG_` bigint NULL DEFAULT NULL,
  `TEXT_` varchar(4000) CHARACTER SET utf8mb3 COLLATE utf8mb3_bin NULL DEFAULT NULL,
  `TEXT2_` varchar(4000) CHARACTER SET utf8mb3 COLLATE utf8mb3_bin NULL DEFAULT NULL,
  `CREATE_TIME_` datetime(3) NULL DEFAULT NULL,
  `LAST_UPDATED_TIME_` datetime(3) NULL DEFAULT NULL,
  PRIMARY KEY (`ID_`) USING BTREE,
  INDEX `ACT_IDX_HI_PROCVAR_PROC_INST`(`PROC_INST_ID_` ASC) USING BTREE,
  INDEX `ACT_IDX_HI_PROCVAR_NAME_TYPE`(`NAME_` ASC, `VAR_TYPE_` ASC) USING BTREE,
  INDEX `ACT_IDX_HI_PROCVAR_TASK_ID`(`TASK_ID_` ASC) USING BTREE
) ENGINE = InnoDB CHARACTER SET = utf8mb3 COLLATE = utf8mb3_bin ROW_FORMAT = Dynamic;

-- ----------------------------
-- Records of act_hi_varinst
-- ----------------------------

-- ----------------------------
-- Table structure for act_procdef_info
-- ----------------------------
DROP TABLE IF EXISTS `act_procdef_info`;
CREATE TABLE `act_procdef_info`  (
  `ID_` varchar(64) CHARACTER SET utf8mb3 COLLATE utf8mb3_bin NOT NULL,
  `PROC_DEF_ID_` varchar(64) CHARACTER SET utf8mb3 COLLATE utf8mb3_bin NOT NULL,
  `REV_` int NULL DEFAULT NULL,
  `INFO_JSON_ID_` varchar(64) CHARACTER SET utf8mb3 COLLATE utf8mb3_bin NULL DEFAULT NULL,
  PRIMARY KEY (`ID_`) USING BTREE,
  UNIQUE INDEX `ACT_UNIQ_INFO_PROCDEF`(`PROC_DEF_ID_` ASC) USING BTREE,
  INDEX `ACT_IDX_INFO_PROCDEF`(`PROC_DEF_ID_` ASC) USING BTREE,
  INDEX `ACT_FK_INFO_JSON_BA`(`INFO_JSON_ID_` ASC) USING BTREE,
  CONSTRAINT `ACT_FK_INFO_JSON_BA` FOREIGN KEY (`INFO_JSON_ID_`) REFERENCES `act_ge_bytearray` (`ID_`) ON DELETE RESTRICT ON UPDATE RESTRICT,
  CONSTRAINT `ACT_FK_INFO_PROCDEF` FOREIGN KEY (`PROC_DEF_ID_`) REFERENCES `act_re_procdef` (`ID_`) ON DELETE RESTRICT ON UPDATE RESTRICT
) ENGINE = InnoDB CHARACTER SET = utf8mb3 COLLATE = utf8mb3_bin ROW_FORMAT = Dynamic;

-- ----------------------------
-- Records of act_procdef_info
-- ----------------------------

-- ----------------------------
-- Table structure for act_re_deployment
-- ----------------------------
DROP TABLE IF EXISTS `act_re_deployment`;
CREATE TABLE `act_re_deployment`  (
  `ID_` varchar(64) CHARACTER SET utf8mb3 COLLATE utf8mb3_bin NOT NULL,
  `NAME_` varchar(255) CHARACTER SET utf8mb3 COLLATE utf8mb3_bin NULL DEFAULT NULL,
  `CATEGORY_` varchar(255) CHARACTER SET utf8mb3 COLLATE utf8mb3_bin NULL DEFAULT NULL,
  `KEY_` varchar(255) CHARACTER SET utf8mb3 COLLATE utf8mb3_bin NULL DEFAULT NULL,
  `TENANT_ID_` varchar(255) CHARACTER SET utf8mb3 COLLATE utf8mb3_bin NULL DEFAULT '',
  `DEPLOY_TIME_` timestamp(3) NULL DEFAULT NULL,
  `ENGINE_VERSION_` varchar(255) CHARACTER SET utf8mb3 COLLATE utf8mb3_bin NULL DEFAULT NULL,
  `PROJECT_RELEASE_VERSION_` varchar(255) CHARACTER SET utf8mb3 COLLATE utf8mb3_bin NULL DEFAULT NULL,
  `VERSION_` varchar(255) CHARACTER SET utf8mb3 COLLATE utf8mb3_bin NULL DEFAULT NULL,
  PRIMARY KEY (`ID_`) USING BTREE
) ENGINE = InnoDB CHARACTER SET = utf8mb3 COLLATE = utf8mb3_bin ROW_FORMAT = Dynamic;

-- ----------------------------
-- Records of act_re_deployment
-- ----------------------------
INSERT INTO `act_re_deployment` VALUES ('2501', '', NULL, NULL, '', '2023-10-28 21:17:06.525', NULL, NULL, '1');
INSERT INTO `act_re_deployment` VALUES ('3d392e33-7a6f-11ee-a709-64d69a9c9696', '', NULL, NULL, '', '2023-11-04 01:34:28.218', NULL, NULL, '1');

-- ----------------------------
-- Table structure for act_re_model
-- ----------------------------
DROP TABLE IF EXISTS `act_re_model`;
CREATE TABLE `act_re_model`  (
  `ID_` varchar(64) CHARACTER SET utf8mb3 COLLATE utf8mb3_bin NOT NULL,
  `REV_` int NULL DEFAULT NULL,
  `NAME_` varchar(255) CHARACTER SET utf8mb3 COLLATE utf8mb3_bin NULL DEFAULT NULL,
  `KEY_` varchar(255) CHARACTER SET utf8mb3 COLLATE utf8mb3_bin NULL DEFAULT NULL,
  `CATEGORY_` varchar(255) CHARACTER SET utf8mb3 COLLATE utf8mb3_bin NULL DEFAULT NULL,
  `CREATE_TIME_` timestamp(3) NULL DEFAULT NULL,
  `LAST_UPDATE_TIME_` timestamp(3) NULL DEFAULT NULL,
  `VERSION_` int NULL DEFAULT NULL,
  `META_INFO_` varchar(4000) CHARACTER SET utf8mb3 COLLATE utf8mb3_bin NULL DEFAULT NULL,
  `DEPLOYMENT_ID_` varchar(64) CHARACTER SET utf8mb3 COLLATE utf8mb3_bin NULL DEFAULT NULL,
  `EDITOR_SOURCE_VALUE_ID_` varchar(64) CHARACTER SET utf8mb3 COLLATE utf8mb3_bin NULL DEFAULT NULL,
  `EDITOR_SOURCE_EXTRA_VALUE_ID_` varchar(64) CHARACTER SET utf8mb3 COLLATE utf8mb3_bin NULL DEFAULT NULL,
  `TENANT_ID_` varchar(255) CHARACTER SET utf8mb3 COLLATE utf8mb3_bin NULL DEFAULT '',
  PRIMARY KEY (`ID_`) USING BTREE,
  INDEX `ACT_FK_MODEL_SOURCE`(`EDITOR_SOURCE_VALUE_ID_` ASC) USING BTREE,
  INDEX `ACT_FK_MODEL_SOURCE_EXTRA`(`EDITOR_SOURCE_EXTRA_VALUE_ID_` ASC) USING BTREE,
  INDEX `ACT_FK_MODEL_DEPLOYMENT`(`DEPLOYMENT_ID_` ASC) USING BTREE,
  CONSTRAINT `ACT_FK_MODEL_DEPLOYMENT` FOREIGN KEY (`DEPLOYMENT_ID_`) REFERENCES `act_re_deployment` (`ID_`) ON DELETE RESTRICT ON UPDATE RESTRICT,
  CONSTRAINT `ACT_FK_MODEL_SOURCE` FOREIGN KEY (`EDITOR_SOURCE_VALUE_ID_`) REFERENCES `act_ge_bytearray` (`ID_`) ON DELETE RESTRICT ON UPDATE RESTRICT,
  CONSTRAINT `ACT_FK_MODEL_SOURCE_EXTRA` FOREIGN KEY (`EDITOR_SOURCE_EXTRA_VALUE_ID_`) REFERENCES `act_ge_bytearray` (`ID_`) ON DELETE RESTRICT ON UPDATE RESTRICT
) ENGINE = InnoDB CHARACTER SET = utf8mb3 COLLATE = utf8mb3_bin ROW_FORMAT = Dynamic;

-- ----------------------------
-- Records of act_re_model
-- ----------------------------

-- ----------------------------
-- Table structure for act_re_procdef
-- ----------------------------
DROP TABLE IF EXISTS `act_re_procdef`;
CREATE TABLE `act_re_procdef`  (
  `ID_` varchar(64) CHARACTER SET utf8mb3 COLLATE utf8mb3_bin NOT NULL,
  `REV_` int NULL DEFAULT NULL,
  `CATEGORY_` varchar(255) CHARACTER SET utf8mb3 COLLATE utf8mb3_bin NULL DEFAULT NULL,
  `NAME_` varchar(255) CHARACTER SET utf8mb3 COLLATE utf8mb3_bin NULL DEFAULT NULL,
  `KEY_` varchar(255) CHARACTER SET utf8mb3 COLLATE utf8mb3_bin NOT NULL,
  `VERSION_` int NOT NULL,
  `DEPLOYMENT_ID_` varchar(64) CHARACTER SET utf8mb3 COLLATE utf8mb3_bin NULL DEFAULT NULL,
  `RESOURCE_NAME_` varchar(4000) CHARACTER SET utf8mb3 COLLATE utf8mb3_bin NULL DEFAULT NULL,
  `DGRM_RESOURCE_NAME_` varchar(4000) CHARACTER SET utf8mb3 COLLATE utf8mb3_bin NULL DEFAULT NULL,
  `DESCRIPTION_` varchar(4000) CHARACTER SET utf8mb3 COLLATE utf8mb3_bin NULL DEFAULT NULL,
  `HAS_START_FORM_KEY_` tinyint NULL DEFAULT NULL,
  `HAS_GRAPHICAL_NOTATION_` tinyint NULL DEFAULT NULL,
  `SUSPENSION_STATE_` int NULL DEFAULT NULL,
  `TENANT_ID_` varchar(255) CHARACTER SET utf8mb3 COLLATE utf8mb3_bin NULL DEFAULT '',
  `ENGINE_VERSION_` varchar(255) CHARACTER SET utf8mb3 COLLATE utf8mb3_bin NULL DEFAULT NULL,
  PRIMARY KEY (`ID_`) USING BTREE,
  UNIQUE INDEX `ACT_UNIQ_PROCDEF`(`KEY_` ASC, `VERSION_` ASC, `TENANT_ID_` ASC) USING BTREE
) ENGINE = InnoDB CHARACTER SET = utf8mb3 COLLATE = utf8mb3_bin ROW_FORMAT = Dynamic;

-- ----------------------------
-- Records of act_re_procdef
-- ----------------------------
INSERT INTO `act_re_procdef` VALUES ('outInventory:1:2504', 1, 'http://www.activiti.org/processdef', 'outInventory', 'outInventory', 1, '2501', 'BPMN/outInventory.bpmn', 'BPMN/outInventory.png', NULL, 0, 1, 1, '', NULL);
INSERT INTO `act_re_procdef` VALUES ('outInventory:2:3d69b416-7a6f-11ee-a709-64d69a9c9696', 1, 'http://www.activiti.org/processdef', 'outInventory', 'outInventory', 2, '3d392e33-7a6f-11ee-a709-64d69a9c9696', 'BPMN/outInventory.bpmn', 'BPMN/outInventory.png', NULL, 0, 1, 1, '', NULL);

-- ----------------------------
-- Table structure for act_ru_deadletter_job
-- ----------------------------
DROP TABLE IF EXISTS `act_ru_deadletter_job`;
CREATE TABLE `act_ru_deadletter_job`  (
  `ID_` varchar(64) CHARACTER SET utf8mb3 COLLATE utf8mb3_bin NOT NULL,
  `REV_` int NULL DEFAULT NULL,
  `TYPE_` varchar(255) CHARACTER SET utf8mb3 COLLATE utf8mb3_bin NOT NULL,
  `EXCLUSIVE_` tinyint(1) NULL DEFAULT NULL,
  `EXECUTION_ID_` varchar(64) CHARACTER SET utf8mb3 COLLATE utf8mb3_bin NULL DEFAULT NULL,
  `PROCESS_INSTANCE_ID_` varchar(64) CHARACTER SET utf8mb3 COLLATE utf8mb3_bin NULL DEFAULT NULL,
  `PROC_DEF_ID_` varchar(64) CHARACTER SET utf8mb3 COLLATE utf8mb3_bin NULL DEFAULT NULL,
  `EXCEPTION_STACK_ID_` varchar(64) CHARACTER SET utf8mb3 COLLATE utf8mb3_bin NULL DEFAULT NULL,
  `EXCEPTION_MSG_` varchar(4000) CHARACTER SET utf8mb3 COLLATE utf8mb3_bin NULL DEFAULT NULL,
  `DUEDATE_` timestamp(3) NULL DEFAULT NULL,
  `REPEAT_` varchar(255) CHARACTER SET utf8mb3 COLLATE utf8mb3_bin NULL DEFAULT NULL,
  `HANDLER_TYPE_` varchar(255) CHARACTER SET utf8mb3 COLLATE utf8mb3_bin NULL DEFAULT NULL,
  `HANDLER_CFG_` varchar(4000) CHARACTER SET utf8mb3 COLLATE utf8mb3_bin NULL DEFAULT NULL,
  `TENANT_ID_` varchar(255) CHARACTER SET utf8mb3 COLLATE utf8mb3_bin NULL DEFAULT '',
  PRIMARY KEY (`ID_`) USING BTREE,
  INDEX `ACT_FK_DEADLETTER_JOB_EXECUTION`(`EXECUTION_ID_` ASC) USING BTREE,
  INDEX `ACT_FK_DEADLETTER_JOB_PROCESS_INSTANCE`(`PROCESS_INSTANCE_ID_` ASC) USING BTREE,
  INDEX `ACT_FK_DEADLETTER_JOB_PROC_DEF`(`PROC_DEF_ID_` ASC) USING BTREE,
  INDEX `ACT_FK_DEADLETTER_JOB_EXCEPTION`(`EXCEPTION_STACK_ID_` ASC) USING BTREE,
  CONSTRAINT `ACT_FK_DEADLETTER_JOB_EXCEPTION` FOREIGN KEY (`EXCEPTION_STACK_ID_`) REFERENCES `act_ge_bytearray` (`ID_`) ON DELETE RESTRICT ON UPDATE RESTRICT,
  CONSTRAINT `ACT_FK_DEADLETTER_JOB_EXECUTION` FOREIGN KEY (`EXECUTION_ID_`) REFERENCES `act_ru_execution` (`ID_`) ON DELETE RESTRICT ON UPDATE RESTRICT,
  CONSTRAINT `ACT_FK_DEADLETTER_JOB_PROC_DEF` FOREIGN KEY (`PROC_DEF_ID_`) REFERENCES `act_re_procdef` (`ID_`) ON DELETE RESTRICT ON UPDATE RESTRICT,
  CONSTRAINT `ACT_FK_DEADLETTER_JOB_PROCESS_INSTANCE` FOREIGN KEY (`PROCESS_INSTANCE_ID_`) REFERENCES `act_ru_execution` (`ID_`) ON DELETE RESTRICT ON UPDATE RESTRICT
) ENGINE = InnoDB CHARACTER SET = utf8mb3 COLLATE = utf8mb3_bin ROW_FORMAT = Dynamic;

-- ----------------------------
-- Records of act_ru_deadletter_job
-- ----------------------------

-- ----------------------------
-- Table structure for act_ru_event_subscr
-- ----------------------------
DROP TABLE IF EXISTS `act_ru_event_subscr`;
CREATE TABLE `act_ru_event_subscr`  (
  `ID_` varchar(64) CHARACTER SET utf8mb3 COLLATE utf8mb3_bin NOT NULL,
  `REV_` int NULL DEFAULT NULL,
  `EVENT_TYPE_` varchar(255) CHARACTER SET utf8mb3 COLLATE utf8mb3_bin NOT NULL,
  `EVENT_NAME_` varchar(255) CHARACTER SET utf8mb3 COLLATE utf8mb3_bin NULL DEFAULT NULL,
  `EXECUTION_ID_` varchar(64) CHARACTER SET utf8mb3 COLLATE utf8mb3_bin NULL DEFAULT NULL,
  `PROC_INST_ID_` varchar(64) CHARACTER SET utf8mb3 COLLATE utf8mb3_bin NULL DEFAULT NULL,
  `ACTIVITY_ID_` varchar(64) CHARACTER SET utf8mb3 COLLATE utf8mb3_bin NULL DEFAULT NULL,
  `CONFIGURATION_` varchar(255) CHARACTER SET utf8mb3 COLLATE utf8mb3_bin NULL DEFAULT NULL,
  `CREATED_` timestamp(3) NOT NULL DEFAULT CURRENT_TIMESTAMP(3),
  `PROC_DEF_ID_` varchar(64) CHARACTER SET utf8mb3 COLLATE utf8mb3_bin NULL DEFAULT NULL,
  `TENANT_ID_` varchar(255) CHARACTER SET utf8mb3 COLLATE utf8mb3_bin NULL DEFAULT '',
  PRIMARY KEY (`ID_`) USING BTREE,
  INDEX `ACT_IDX_EVENT_SUBSCR_CONFIG_`(`CONFIGURATION_` ASC) USING BTREE,
  INDEX `ACT_FK_EVENT_EXEC`(`EXECUTION_ID_` ASC) USING BTREE,
  CONSTRAINT `ACT_FK_EVENT_EXEC` FOREIGN KEY (`EXECUTION_ID_`) REFERENCES `act_ru_execution` (`ID_`) ON DELETE RESTRICT ON UPDATE RESTRICT
) ENGINE = InnoDB CHARACTER SET = utf8mb3 COLLATE = utf8mb3_bin ROW_FORMAT = Dynamic;

-- ----------------------------
-- Records of act_ru_event_subscr
-- ----------------------------

-- ----------------------------
-- Table structure for act_ru_execution
-- ----------------------------
DROP TABLE IF EXISTS `act_ru_execution`;
CREATE TABLE `act_ru_execution`  (
  `ID_` varchar(64) CHARACTER SET utf8mb3 COLLATE utf8mb3_bin NOT NULL,
  `REV_` int NULL DEFAULT NULL,
  `PROC_INST_ID_` varchar(64) CHARACTER SET utf8mb3 COLLATE utf8mb3_bin NULL DEFAULT NULL,
  `BUSINESS_KEY_` varchar(255) CHARACTER SET utf8mb3 COLLATE utf8mb3_bin NULL DEFAULT NULL,
  `PARENT_ID_` varchar(64) CHARACTER SET utf8mb3 COLLATE utf8mb3_bin NULL DEFAULT NULL,
  `PROC_DEF_ID_` varchar(64) CHARACTER SET utf8mb3 COLLATE utf8mb3_bin NULL DEFAULT NULL,
  `SUPER_EXEC_` varchar(64) CHARACTER SET utf8mb3 COLLATE utf8mb3_bin NULL DEFAULT NULL,
  `ROOT_PROC_INST_ID_` varchar(64) CHARACTER SET utf8mb3 COLLATE utf8mb3_bin NULL DEFAULT NULL,
  `ACT_ID_` varchar(255) CHARACTER SET utf8mb3 COLLATE utf8mb3_bin NULL DEFAULT NULL,
  `IS_ACTIVE_` tinyint NULL DEFAULT NULL,
  `IS_CONCURRENT_` tinyint NULL DEFAULT NULL,
  `IS_SCOPE_` tinyint NULL DEFAULT NULL,
  `IS_EVENT_SCOPE_` tinyint NULL DEFAULT NULL,
  `IS_MI_ROOT_` tinyint NULL DEFAULT NULL,
  `SUSPENSION_STATE_` int NULL DEFAULT NULL,
  `CACHED_ENT_STATE_` int NULL DEFAULT NULL,
  `TENANT_ID_` varchar(255) CHARACTER SET utf8mb3 COLLATE utf8mb3_bin NULL DEFAULT '',
  `NAME_` varchar(255) CHARACTER SET utf8mb3 COLLATE utf8mb3_bin NULL DEFAULT NULL,
  `START_TIME_` datetime(3) NULL DEFAULT NULL,
  `START_USER_ID_` varchar(255) CHARACTER SET utf8mb3 COLLATE utf8mb3_bin NULL DEFAULT NULL,
  `LOCK_TIME_` timestamp(3) NULL DEFAULT NULL,
  `IS_COUNT_ENABLED_` tinyint NULL DEFAULT NULL,
  `EVT_SUBSCR_COUNT_` int NULL DEFAULT NULL,
  `TASK_COUNT_` int NULL DEFAULT NULL,
  `JOB_COUNT_` int NULL DEFAULT NULL,
  `TIMER_JOB_COUNT_` int NULL DEFAULT NULL,
  `SUSP_JOB_COUNT_` int NULL DEFAULT NULL,
  `DEADLETTER_JOB_COUNT_` int NULL DEFAULT NULL,
  `VAR_COUNT_` int NULL DEFAULT NULL,
  `ID_LINK_COUNT_` int NULL DEFAULT NULL,
  PRIMARY KEY (`ID_`) USING BTREE,
  INDEX `ACT_IDX_EXEC_BUSKEY`(`BUSINESS_KEY_` ASC) USING BTREE,
  INDEX `ACT_IDC_EXEC_ROOT`(`ROOT_PROC_INST_ID_` ASC) USING BTREE,
  INDEX `ACT_FK_EXE_PROCINST`(`PROC_INST_ID_` ASC) USING BTREE,
  INDEX `ACT_FK_EXE_PARENT`(`PARENT_ID_` ASC) USING BTREE,
  INDEX `ACT_FK_EXE_SUPER`(`SUPER_EXEC_` ASC) USING BTREE,
  INDEX `ACT_FK_EXE_PROCDEF`(`PROC_DEF_ID_` ASC) USING BTREE,
  CONSTRAINT `ACT_FK_EXE_PARENT` FOREIGN KEY (`PARENT_ID_`) REFERENCES `act_ru_execution` (`ID_`) ON DELETE CASCADE ON UPDATE RESTRICT,
  CONSTRAINT `ACT_FK_EXE_PROCDEF` FOREIGN KEY (`PROC_DEF_ID_`) REFERENCES `act_re_procdef` (`ID_`) ON DELETE RESTRICT ON UPDATE RESTRICT,
  CONSTRAINT `ACT_FK_EXE_PROCINST` FOREIGN KEY (`PROC_INST_ID_`) REFERENCES `act_ru_execution` (`ID_`) ON DELETE CASCADE ON UPDATE CASCADE,
  CONSTRAINT `ACT_FK_EXE_SUPER` FOREIGN KEY (`SUPER_EXEC_`) REFERENCES `act_ru_execution` (`ID_`) ON DELETE CASCADE ON UPDATE RESTRICT
) ENGINE = InnoDB CHARACTER SET = utf8mb3 COLLATE = utf8mb3_bin ROW_FORMAT = Dynamic;

-- ----------------------------
-- Records of act_ru_execution
-- ----------------------------
INSERT INTO `act_ru_execution` VALUES ('0866755a-7c7e-11ee-a3eb-64d69a9c9696', 1, '0866755a-7c7e-11ee-a3eb-64d69a9c9696', '36', NULL, 'outInventory:2:3d69b416-7a6f-11ee-a709-64d69a9c9696', NULL, '0866755a-7c7e-11ee-a3eb-64d69a9c9696', NULL, 1, 0, 1, 0, 0, 1, NULL, '', NULL, '2023-11-06 16:25:24.372', NULL, NULL, 0, 0, 0, 0, 0, 0, 0, 0, 0);
INSERT INTO `act_ru_execution` VALUES ('0867119f-7c7e-11ee-a3eb-64d69a9c9696', 2, '0866755a-7c7e-11ee-a3eb-64d69a9c9696', NULL, '0866755a-7c7e-11ee-a3eb-64d69a9c9696', 'outInventory:2:3d69b416-7a6f-11ee-a709-64d69a9c9696', NULL, '0866755a-7c7e-11ee-a3eb-64d69a9c9696', 'sid-350c59d4-6088-42bd-b28e-7df76a710ad7', 1, 0, 0, 0, 0, 1, NULL, '', NULL, '2023-11-06 16:25:24.376', NULL, NULL, 0, 0, 0, 0, 0, 0, 0, 0, 0);
INSERT INTO `act_ru_execution` VALUES ('2d0bbc25-7e19-11ee-a3b5-64d69a9c9696', 1, '2d0bbc25-7e19-11ee-a3b5-64d69a9c9696', '43', NULL, 'outInventory:2:3d69b416-7a6f-11ee-a709-64d69a9c9696', NULL, '2d0bbc25-7e19-11ee-a3b5-64d69a9c9696', NULL, 1, 0, 1, 0, 0, 1, NULL, '', NULL, '2023-11-08 17:28:29.009', NULL, NULL, 0, 0, 0, 0, 0, 0, 0, 0, 0);
INSERT INTO `act_ru_execution` VALUES ('2d0bbc2a-7e19-11ee-a3b5-64d69a9c9696', 1, '2d0bbc25-7e19-11ee-a3b5-64d69a9c9696', NULL, '2d0bbc25-7e19-11ee-a3b5-64d69a9c9696', 'outInventory:2:3d69b416-7a6f-11ee-a709-64d69a9c9696', NULL, '2d0bbc25-7e19-11ee-a3b5-64d69a9c9696', 'sid-1faa7f41-2520-454d-b52d-de84247ff2cb', 1, 0, 0, 0, 0, 1, NULL, '', NULL, '2023-11-08 17:28:29.009', NULL, NULL, 0, 0, 0, 0, 0, 0, 0, 0, 0);
INSERT INTO `act_ru_execution` VALUES ('38d38180-7d13-11ee-9d7d-64d69a9c9696', 1, '38d38180-7d13-11ee-9d7d-64d69a9c9696', '44', NULL, 'outInventory:2:3d69b416-7a6f-11ee-a709-64d69a9c9696', NULL, '38d38180-7d13-11ee-9d7d-64d69a9c9696', NULL, 1, 0, 1, 0, 0, 1, NULL, '', NULL, '2023-11-07 10:13:20.630', NULL, NULL, 0, 0, 0, 0, 0, 0, 0, 0, 0);
INSERT INTO `act_ru_execution` VALUES ('38d50825-7d13-11ee-9d7d-64d69a9c9696', 1, '38d38180-7d13-11ee-9d7d-64d69a9c9696', NULL, '38d38180-7d13-11ee-9d7d-64d69a9c9696', 'outInventory:2:3d69b416-7a6f-11ee-a709-64d69a9c9696', NULL, '38d38180-7d13-11ee-9d7d-64d69a9c9696', 'sid-1faa7f41-2520-454d-b52d-de84247ff2cb', 1, 0, 0, 0, 0, 1, NULL, '', NULL, '2023-11-07 10:13:20.640', NULL, NULL, 0, 0, 0, 0, 0, 0, 0, 0, 0);
INSERT INTO `act_ru_execution` VALUES ('ea9e26e4-7e15-11ee-a3b5-64d69a9c9696', 1, 'ea9e26e4-7e15-11ee-a3b5-64d69a9c9696', '42', NULL, 'outInventory:2:3d69b416-7a6f-11ee-a709-64d69a9c9696', NULL, 'ea9e26e4-7e15-11ee-a3b5-64d69a9c9696', NULL, 1, 0, 1, 0, 0, 1, NULL, '', NULL, '2023-11-08 17:05:09.071', NULL, NULL, 0, 0, 0, 0, 0, 0, 0, 0, 0);
INSERT INTO `act_ru_execution` VALUES ('ea9fd499-7e15-11ee-a3b5-64d69a9c9696', 1, 'ea9e26e4-7e15-11ee-a3b5-64d69a9c9696', NULL, 'ea9e26e4-7e15-11ee-a3b5-64d69a9c9696', 'outInventory:2:3d69b416-7a6f-11ee-a709-64d69a9c9696', NULL, 'ea9e26e4-7e15-11ee-a3b5-64d69a9c9696', 'sid-1faa7f41-2520-454d-b52d-de84247ff2cb', 1, 0, 0, 0, 0, 1, NULL, '', NULL, '2023-11-08 17:05:09.082', NULL, NULL, 0, 0, 0, 0, 0, 0, 0, 0, 0);
INSERT INTO `act_ru_execution` VALUES ('f1499b51-7e15-11ee-a3b5-64d69a9c9696', 1, 'f1499b51-7e15-11ee-a3b5-64d69a9c9696', '41', NULL, 'outInventory:2:3d69b416-7a6f-11ee-a709-64d69a9c9696', NULL, 'f1499b51-7e15-11ee-a3b5-64d69a9c9696', NULL, 1, 0, 1, 0, 0, 1, NULL, '', NULL, '2023-11-08 17:05:20.261', NULL, NULL, 0, 0, 0, 0, 0, 0, 0, 0, 0);
INSERT INTO `act_ru_execution` VALUES ('f1499b56-7e15-11ee-a3b5-64d69a9c9696', 1, 'f1499b51-7e15-11ee-a3b5-64d69a9c9696', NULL, 'f1499b51-7e15-11ee-a3b5-64d69a9c9696', 'outInventory:2:3d69b416-7a6f-11ee-a709-64d69a9c9696', NULL, 'f1499b51-7e15-11ee-a3b5-64d69a9c9696', 'sid-1faa7f41-2520-454d-b52d-de84247ff2cb', 1, 0, 0, 0, 0, 1, NULL, '', NULL, '2023-11-08 17:05:20.261', NULL, NULL, 0, 0, 0, 0, 0, 0, 0, 0, 0);

-- ----------------------------
-- Table structure for act_ru_identitylink
-- ----------------------------
DROP TABLE IF EXISTS `act_ru_identitylink`;
CREATE TABLE `act_ru_identitylink`  (
  `ID_` varchar(64) CHARACTER SET utf8mb3 COLLATE utf8mb3_bin NOT NULL,
  `REV_` int NULL DEFAULT NULL,
  `GROUP_ID_` varchar(255) CHARACTER SET utf8mb3 COLLATE utf8mb3_bin NULL DEFAULT NULL,
  `TYPE_` varchar(255) CHARACTER SET utf8mb3 COLLATE utf8mb3_bin NULL DEFAULT NULL,
  `USER_ID_` varchar(255) CHARACTER SET utf8mb3 COLLATE utf8mb3_bin NULL DEFAULT NULL,
  `TASK_ID_` varchar(64) CHARACTER SET utf8mb3 COLLATE utf8mb3_bin NULL DEFAULT NULL,
  `PROC_INST_ID_` varchar(64) CHARACTER SET utf8mb3 COLLATE utf8mb3_bin NULL DEFAULT NULL,
  `PROC_DEF_ID_` varchar(64) CHARACTER SET utf8mb3 COLLATE utf8mb3_bin NULL DEFAULT NULL,
  PRIMARY KEY (`ID_`) USING BTREE,
  INDEX `ACT_IDX_IDENT_LNK_USER`(`USER_ID_` ASC) USING BTREE,
  INDEX `ACT_IDX_IDENT_LNK_GROUP`(`GROUP_ID_` ASC) USING BTREE,
  INDEX `ACT_IDX_ATHRZ_PROCEDEF`(`PROC_DEF_ID_` ASC) USING BTREE,
  INDEX `ACT_FK_TSKASS_TASK`(`TASK_ID_` ASC) USING BTREE,
  INDEX `ACT_FK_IDL_PROCINST`(`PROC_INST_ID_` ASC) USING BTREE,
  CONSTRAINT `ACT_FK_ATHRZ_PROCEDEF` FOREIGN KEY (`PROC_DEF_ID_`) REFERENCES `act_re_procdef` (`ID_`) ON DELETE RESTRICT ON UPDATE RESTRICT,
  CONSTRAINT `ACT_FK_IDL_PROCINST` FOREIGN KEY (`PROC_INST_ID_`) REFERENCES `act_ru_execution` (`ID_`) ON DELETE RESTRICT ON UPDATE RESTRICT,
  CONSTRAINT `ACT_FK_TSKASS_TASK` FOREIGN KEY (`TASK_ID_`) REFERENCES `act_ru_task` (`ID_`) ON DELETE RESTRICT ON UPDATE RESTRICT
) ENGINE = InnoDB CHARACTER SET = utf8mb3 COLLATE = utf8mb3_bin ROW_FORMAT = Dynamic;

-- ----------------------------
-- Records of act_ru_identitylink
-- ----------------------------
INSERT INTO `act_ru_identitylink` VALUES ('086ae237-7c7e-11ee-a3eb-64d69a9c9696', 1, NULL, 'participant', '100', NULL, '0866755a-7c7e-11ee-a3eb-64d69a9c9696', NULL);
INSERT INTO `act_ru_identitylink` VALUES ('48cc8326-7c7e-11ee-a3eb-64d69a9c9696', 1, NULL, 'participant', '101', NULL, '0866755a-7c7e-11ee-a3eb-64d69a9c9696', NULL);

-- ----------------------------
-- Table structure for act_ru_integration
-- ----------------------------
DROP TABLE IF EXISTS `act_ru_integration`;
CREATE TABLE `act_ru_integration`  (
  `ID_` varchar(64) CHARACTER SET utf8mb3 COLLATE utf8mb3_bin NOT NULL,
  `EXECUTION_ID_` varchar(64) CHARACTER SET utf8mb3 COLLATE utf8mb3_bin NULL DEFAULT NULL,
  `PROCESS_INSTANCE_ID_` varchar(64) CHARACTER SET utf8mb3 COLLATE utf8mb3_bin NULL DEFAULT NULL,
  `PROC_DEF_ID_` varchar(64) CHARACTER SET utf8mb3 COLLATE utf8mb3_bin NULL DEFAULT NULL,
  `FLOW_NODE_ID_` varchar(64) CHARACTER SET utf8mb3 COLLATE utf8mb3_bin NULL DEFAULT NULL,
  `CREATED_DATE_` timestamp(3) NULL DEFAULT NULL,
  PRIMARY KEY (`ID_`) USING BTREE,
  INDEX `ACT_FK_INT_EXECUTION`(`EXECUTION_ID_` ASC) USING BTREE,
  INDEX `ACT_FK_INT_PROC_INST`(`PROCESS_INSTANCE_ID_` ASC) USING BTREE,
  INDEX `ACT_FK_INT_PROC_DEF`(`PROC_DEF_ID_` ASC) USING BTREE,
  CONSTRAINT `ACT_FK_INT_EXECUTION` FOREIGN KEY (`EXECUTION_ID_`) REFERENCES `act_ru_execution` (`ID_`) ON DELETE CASCADE ON UPDATE RESTRICT,
  CONSTRAINT `ACT_FK_INT_PROC_DEF` FOREIGN KEY (`PROC_DEF_ID_`) REFERENCES `act_re_procdef` (`ID_`) ON DELETE RESTRICT ON UPDATE RESTRICT,
  CONSTRAINT `ACT_FK_INT_PROC_INST` FOREIGN KEY (`PROCESS_INSTANCE_ID_`) REFERENCES `act_ru_execution` (`ID_`) ON DELETE RESTRICT ON UPDATE RESTRICT
) ENGINE = InnoDB CHARACTER SET = utf8mb3 COLLATE = utf8mb3_bin ROW_FORMAT = Dynamic;

-- ----------------------------
-- Records of act_ru_integration
-- ----------------------------

-- ----------------------------
-- Table structure for act_ru_job
-- ----------------------------
DROP TABLE IF EXISTS `act_ru_job`;
CREATE TABLE `act_ru_job`  (
  `ID_` varchar(64) CHARACTER SET utf8mb3 COLLATE utf8mb3_bin NOT NULL,
  `REV_` int NULL DEFAULT NULL,
  `TYPE_` varchar(255) CHARACTER SET utf8mb3 COLLATE utf8mb3_bin NOT NULL,
  `LOCK_EXP_TIME_` timestamp(3) NULL DEFAULT NULL,
  `LOCK_OWNER_` varchar(255) CHARACTER SET utf8mb3 COLLATE utf8mb3_bin NULL DEFAULT NULL,
  `EXCLUSIVE_` tinyint(1) NULL DEFAULT NULL,
  `EXECUTION_ID_` varchar(64) CHARACTER SET utf8mb3 COLLATE utf8mb3_bin NULL DEFAULT NULL,
  `PROCESS_INSTANCE_ID_` varchar(64) CHARACTER SET utf8mb3 COLLATE utf8mb3_bin NULL DEFAULT NULL,
  `PROC_DEF_ID_` varchar(64) CHARACTER SET utf8mb3 COLLATE utf8mb3_bin NULL DEFAULT NULL,
  `RETRIES_` int NULL DEFAULT NULL,
  `EXCEPTION_STACK_ID_` varchar(64) CHARACTER SET utf8mb3 COLLATE utf8mb3_bin NULL DEFAULT NULL,
  `EXCEPTION_MSG_` varchar(4000) CHARACTER SET utf8mb3 COLLATE utf8mb3_bin NULL DEFAULT NULL,
  `DUEDATE_` timestamp(3) NULL DEFAULT NULL,
  `REPEAT_` varchar(255) CHARACTER SET utf8mb3 COLLATE utf8mb3_bin NULL DEFAULT NULL,
  `HANDLER_TYPE_` varchar(255) CHARACTER SET utf8mb3 COLLATE utf8mb3_bin NULL DEFAULT NULL,
  `HANDLER_CFG_` varchar(4000) CHARACTER SET utf8mb3 COLLATE utf8mb3_bin NULL DEFAULT NULL,
  `TENANT_ID_` varchar(255) CHARACTER SET utf8mb3 COLLATE utf8mb3_bin NULL DEFAULT '',
  PRIMARY KEY (`ID_`) USING BTREE,
  INDEX `ACT_FK_JOB_EXECUTION`(`EXECUTION_ID_` ASC) USING BTREE,
  INDEX `ACT_FK_JOB_PROCESS_INSTANCE`(`PROCESS_INSTANCE_ID_` ASC) USING BTREE,
  INDEX `ACT_FK_JOB_PROC_DEF`(`PROC_DEF_ID_` ASC) USING BTREE,
  INDEX `ACT_FK_JOB_EXCEPTION`(`EXCEPTION_STACK_ID_` ASC) USING BTREE,
  CONSTRAINT `ACT_FK_JOB_EXCEPTION` FOREIGN KEY (`EXCEPTION_STACK_ID_`) REFERENCES `act_ge_bytearray` (`ID_`) ON DELETE RESTRICT ON UPDATE RESTRICT,
  CONSTRAINT `ACT_FK_JOB_EXECUTION` FOREIGN KEY (`EXECUTION_ID_`) REFERENCES `act_ru_execution` (`ID_`) ON DELETE RESTRICT ON UPDATE RESTRICT,
  CONSTRAINT `ACT_FK_JOB_PROC_DEF` FOREIGN KEY (`PROC_DEF_ID_`) REFERENCES `act_re_procdef` (`ID_`) ON DELETE RESTRICT ON UPDATE RESTRICT,
  CONSTRAINT `ACT_FK_JOB_PROCESS_INSTANCE` FOREIGN KEY (`PROCESS_INSTANCE_ID_`) REFERENCES `act_ru_execution` (`ID_`) ON DELETE RESTRICT ON UPDATE RESTRICT
) ENGINE = InnoDB CHARACTER SET = utf8mb3 COLLATE = utf8mb3_bin ROW_FORMAT = Dynamic;

-- ----------------------------
-- Records of act_ru_job
-- ----------------------------

-- ----------------------------
-- Table structure for act_ru_suspended_job
-- ----------------------------
DROP TABLE IF EXISTS `act_ru_suspended_job`;
CREATE TABLE `act_ru_suspended_job`  (
  `ID_` varchar(64) CHARACTER SET utf8mb3 COLLATE utf8mb3_bin NOT NULL,
  `REV_` int NULL DEFAULT NULL,
  `TYPE_` varchar(255) CHARACTER SET utf8mb3 COLLATE utf8mb3_bin NOT NULL,
  `EXCLUSIVE_` tinyint(1) NULL DEFAULT NULL,
  `EXECUTION_ID_` varchar(64) CHARACTER SET utf8mb3 COLLATE utf8mb3_bin NULL DEFAULT NULL,
  `PROCESS_INSTANCE_ID_` varchar(64) CHARACTER SET utf8mb3 COLLATE utf8mb3_bin NULL DEFAULT NULL,
  `PROC_DEF_ID_` varchar(64) CHARACTER SET utf8mb3 COLLATE utf8mb3_bin NULL DEFAULT NULL,
  `RETRIES_` int NULL DEFAULT NULL,
  `EXCEPTION_STACK_ID_` varchar(64) CHARACTER SET utf8mb3 COLLATE utf8mb3_bin NULL DEFAULT NULL,
  `EXCEPTION_MSG_` varchar(4000) CHARACTER SET utf8mb3 COLLATE utf8mb3_bin NULL DEFAULT NULL,
  `DUEDATE_` timestamp(3) NULL DEFAULT NULL,
  `REPEAT_` varchar(255) CHARACTER SET utf8mb3 COLLATE utf8mb3_bin NULL DEFAULT NULL,
  `HANDLER_TYPE_` varchar(255) CHARACTER SET utf8mb3 COLLATE utf8mb3_bin NULL DEFAULT NULL,
  `HANDLER_CFG_` varchar(4000) CHARACTER SET utf8mb3 COLLATE utf8mb3_bin NULL DEFAULT NULL,
  `TENANT_ID_` varchar(255) CHARACTER SET utf8mb3 COLLATE utf8mb3_bin NULL DEFAULT '',
  PRIMARY KEY (`ID_`) USING BTREE,
  INDEX `ACT_FK_SUSPENDED_JOB_EXECUTION`(`EXECUTION_ID_` ASC) USING BTREE,
  INDEX `ACT_FK_SUSPENDED_JOB_PROCESS_INSTANCE`(`PROCESS_INSTANCE_ID_` ASC) USING BTREE,
  INDEX `ACT_FK_SUSPENDED_JOB_PROC_DEF`(`PROC_DEF_ID_` ASC) USING BTREE,
  INDEX `ACT_FK_SUSPENDED_JOB_EXCEPTION`(`EXCEPTION_STACK_ID_` ASC) USING BTREE,
  CONSTRAINT `ACT_FK_SUSPENDED_JOB_EXCEPTION` FOREIGN KEY (`EXCEPTION_STACK_ID_`) REFERENCES `act_ge_bytearray` (`ID_`) ON DELETE RESTRICT ON UPDATE RESTRICT,
  CONSTRAINT `ACT_FK_SUSPENDED_JOB_EXECUTION` FOREIGN KEY (`EXECUTION_ID_`) REFERENCES `act_ru_execution` (`ID_`) ON DELETE RESTRICT ON UPDATE RESTRICT,
  CONSTRAINT `ACT_FK_SUSPENDED_JOB_PROC_DEF` FOREIGN KEY (`PROC_DEF_ID_`) REFERENCES `act_re_procdef` (`ID_`) ON DELETE RESTRICT ON UPDATE RESTRICT,
  CONSTRAINT `ACT_FK_SUSPENDED_JOB_PROCESS_INSTANCE` FOREIGN KEY (`PROCESS_INSTANCE_ID_`) REFERENCES `act_ru_execution` (`ID_`) ON DELETE RESTRICT ON UPDATE RESTRICT
) ENGINE = InnoDB CHARACTER SET = utf8mb3 COLLATE = utf8mb3_bin ROW_FORMAT = Dynamic;

-- ----------------------------
-- Records of act_ru_suspended_job
-- ----------------------------

-- ----------------------------
-- Table structure for act_ru_task
-- ----------------------------
DROP TABLE IF EXISTS `act_ru_task`;
CREATE TABLE `act_ru_task`  (
  `ID_` varchar(64) CHARACTER SET utf8mb3 COLLATE utf8mb3_bin NOT NULL,
  `REV_` int NULL DEFAULT NULL,
  `EXECUTION_ID_` varchar(64) CHARACTER SET utf8mb3 COLLATE utf8mb3_bin NULL DEFAULT NULL,
  `PROC_INST_ID_` varchar(64) CHARACTER SET utf8mb3 COLLATE utf8mb3_bin NULL DEFAULT NULL,
  `PROC_DEF_ID_` varchar(64) CHARACTER SET utf8mb3 COLLATE utf8mb3_bin NULL DEFAULT NULL,
  `NAME_` varchar(255) CHARACTER SET utf8mb3 COLLATE utf8mb3_bin NULL DEFAULT NULL,
  `PARENT_TASK_ID_` varchar(64) CHARACTER SET utf8mb3 COLLATE utf8mb3_bin NULL DEFAULT NULL,
  `DESCRIPTION_` varchar(4000) CHARACTER SET utf8mb3 COLLATE utf8mb3_bin NULL DEFAULT NULL,
  `TASK_DEF_KEY_` varchar(255) CHARACTER SET utf8mb3 COLLATE utf8mb3_bin NULL DEFAULT NULL,
  `OWNER_` varchar(255) CHARACTER SET utf8mb3 COLLATE utf8mb3_bin NULL DEFAULT NULL,
  `ASSIGNEE_` varchar(255) CHARACTER SET utf8mb3 COLLATE utf8mb3_bin NULL DEFAULT NULL,
  `DELEGATION_` varchar(64) CHARACTER SET utf8mb3 COLLATE utf8mb3_bin NULL DEFAULT NULL,
  `PRIORITY_` int NULL DEFAULT NULL,
  `CREATE_TIME_` timestamp(3) NULL DEFAULT NULL,
  `DUE_DATE_` datetime(3) NULL DEFAULT NULL,
  `CATEGORY_` varchar(255) CHARACTER SET utf8mb3 COLLATE utf8mb3_bin NULL DEFAULT NULL,
  `SUSPENSION_STATE_` int NULL DEFAULT NULL,
  `TENANT_ID_` varchar(255) CHARACTER SET utf8mb3 COLLATE utf8mb3_bin NULL DEFAULT '',
  `FORM_KEY_` varchar(255) CHARACTER SET utf8mb3 COLLATE utf8mb3_bin NULL DEFAULT NULL,
  `CLAIM_TIME_` datetime(3) NULL DEFAULT NULL,
  PRIMARY KEY (`ID_`) USING BTREE,
  INDEX `ACT_IDX_TASK_CREATE`(`CREATE_TIME_` ASC) USING BTREE,
  INDEX `ACT_FK_TASK_EXE`(`EXECUTION_ID_` ASC) USING BTREE,
  INDEX `ACT_FK_TASK_PROCINST`(`PROC_INST_ID_` ASC) USING BTREE,
  INDEX `ACT_FK_TASK_PROCDEF`(`PROC_DEF_ID_` ASC) USING BTREE,
  CONSTRAINT `ACT_FK_TASK_EXE` FOREIGN KEY (`EXECUTION_ID_`) REFERENCES `act_ru_execution` (`ID_`) ON DELETE RESTRICT ON UPDATE RESTRICT,
  CONSTRAINT `ACT_FK_TASK_PROCDEF` FOREIGN KEY (`PROC_DEF_ID_`) REFERENCES `act_re_procdef` (`ID_`) ON DELETE RESTRICT ON UPDATE RESTRICT,
  CONSTRAINT `ACT_FK_TASK_PROCINST` FOREIGN KEY (`PROC_INST_ID_`) REFERENCES `act_ru_execution` (`ID_`) ON DELETE RESTRICT ON UPDATE RESTRICT
) ENGINE = InnoDB CHARACTER SET = utf8mb3 COLLATE = utf8mb3_bin ROW_FORMAT = Dynamic;

-- ----------------------------
-- Records of act_ru_task
-- ----------------------------

-- ----------------------------
-- Table structure for act_ru_timer_job
-- ----------------------------
DROP TABLE IF EXISTS `act_ru_timer_job`;
CREATE TABLE `act_ru_timer_job`  (
  `ID_` varchar(64) CHARACTER SET utf8mb3 COLLATE utf8mb3_bin NOT NULL,
  `REV_` int NULL DEFAULT NULL,
  `TYPE_` varchar(255) CHARACTER SET utf8mb3 COLLATE utf8mb3_bin NOT NULL,
  `LOCK_EXP_TIME_` timestamp(3) NULL DEFAULT NULL,
  `LOCK_OWNER_` varchar(255) CHARACTER SET utf8mb3 COLLATE utf8mb3_bin NULL DEFAULT NULL,
  `EXCLUSIVE_` tinyint(1) NULL DEFAULT NULL,
  `EXECUTION_ID_` varchar(64) CHARACTER SET utf8mb3 COLLATE utf8mb3_bin NULL DEFAULT NULL,
  `PROCESS_INSTANCE_ID_` varchar(64) CHARACTER SET utf8mb3 COLLATE utf8mb3_bin NULL DEFAULT NULL,
  `PROC_DEF_ID_` varchar(64) CHARACTER SET utf8mb3 COLLATE utf8mb3_bin NULL DEFAULT NULL,
  `RETRIES_` int NULL DEFAULT NULL,
  `EXCEPTION_STACK_ID_` varchar(64) CHARACTER SET utf8mb3 COLLATE utf8mb3_bin NULL DEFAULT NULL,
  `EXCEPTION_MSG_` varchar(4000) CHARACTER SET utf8mb3 COLLATE utf8mb3_bin NULL DEFAULT NULL,
  `DUEDATE_` timestamp(3) NULL DEFAULT NULL,
  `REPEAT_` varchar(255) CHARACTER SET utf8mb3 COLLATE utf8mb3_bin NULL DEFAULT NULL,
  `HANDLER_TYPE_` varchar(255) CHARACTER SET utf8mb3 COLLATE utf8mb3_bin NULL DEFAULT NULL,
  `HANDLER_CFG_` varchar(4000) CHARACTER SET utf8mb3 COLLATE utf8mb3_bin NULL DEFAULT NULL,
  `TENANT_ID_` varchar(255) CHARACTER SET utf8mb3 COLLATE utf8mb3_bin NULL DEFAULT '',
  PRIMARY KEY (`ID_`) USING BTREE,
  INDEX `ACT_FK_TIMER_JOB_EXECUTION`(`EXECUTION_ID_` ASC) USING BTREE,
  INDEX `ACT_FK_TIMER_JOB_PROCESS_INSTANCE`(`PROCESS_INSTANCE_ID_` ASC) USING BTREE,
  INDEX `ACT_FK_TIMER_JOB_PROC_DEF`(`PROC_DEF_ID_` ASC) USING BTREE,
  INDEX `ACT_FK_TIMER_JOB_EXCEPTION`(`EXCEPTION_STACK_ID_` ASC) USING BTREE,
  CONSTRAINT `ACT_FK_TIMER_JOB_EXCEPTION` FOREIGN KEY (`EXCEPTION_STACK_ID_`) REFERENCES `act_ge_bytearray` (`ID_`) ON DELETE RESTRICT ON UPDATE RESTRICT,
  CONSTRAINT `ACT_FK_TIMER_JOB_EXECUTION` FOREIGN KEY (`EXECUTION_ID_`) REFERENCES `act_ru_execution` (`ID_`) ON DELETE RESTRICT ON UPDATE RESTRICT,
  CONSTRAINT `ACT_FK_TIMER_JOB_PROC_DEF` FOREIGN KEY (`PROC_DEF_ID_`) REFERENCES `act_re_procdef` (`ID_`) ON DELETE RESTRICT ON UPDATE RESTRICT,
  CONSTRAINT `ACT_FK_TIMER_JOB_PROCESS_INSTANCE` FOREIGN KEY (`PROCESS_INSTANCE_ID_`) REFERENCES `act_ru_execution` (`ID_`) ON DELETE RESTRICT ON UPDATE RESTRICT
) ENGINE = InnoDB CHARACTER SET = utf8mb3 COLLATE = utf8mb3_bin ROW_FORMAT = Dynamic;

-- ----------------------------
-- Records of act_ru_timer_job
-- ----------------------------

-- ----------------------------
-- Table structure for act_ru_variable
-- ----------------------------
DROP TABLE IF EXISTS `act_ru_variable`;
CREATE TABLE `act_ru_variable`  (
  `ID_` varchar(64) CHARACTER SET utf8mb3 COLLATE utf8mb3_bin NOT NULL,
  `REV_` int NULL DEFAULT NULL,
  `TYPE_` varchar(255) CHARACTER SET utf8mb3 COLLATE utf8mb3_bin NOT NULL,
  `NAME_` varchar(255) CHARACTER SET utf8mb3 COLLATE utf8mb3_bin NOT NULL,
  `EXECUTION_ID_` varchar(64) CHARACTER SET utf8mb3 COLLATE utf8mb3_bin NULL DEFAULT NULL,
  `PROC_INST_ID_` varchar(64) CHARACTER SET utf8mb3 COLLATE utf8mb3_bin NULL DEFAULT NULL,
  `TASK_ID_` varchar(64) CHARACTER SET utf8mb3 COLLATE utf8mb3_bin NULL DEFAULT NULL,
  `BYTEARRAY_ID_` varchar(64) CHARACTER SET utf8mb3 COLLATE utf8mb3_bin NULL DEFAULT NULL,
  `DOUBLE_` double NULL DEFAULT NULL,
  `LONG_` bigint NULL DEFAULT NULL,
  `TEXT_` varchar(4000) CHARACTER SET utf8mb3 COLLATE utf8mb3_bin NULL DEFAULT NULL,
  `TEXT2_` varchar(4000) CHARACTER SET utf8mb3 COLLATE utf8mb3_bin NULL DEFAULT NULL,
  PRIMARY KEY (`ID_`) USING BTREE,
  INDEX `ACT_IDX_VARIABLE_TASK_ID`(`TASK_ID_` ASC) USING BTREE,
  INDEX `ACT_FK_VAR_EXE`(`EXECUTION_ID_` ASC) USING BTREE,
  INDEX `ACT_FK_VAR_PROCINST`(`PROC_INST_ID_` ASC) USING BTREE,
  INDEX `ACT_FK_VAR_BYTEARRAY`(`BYTEARRAY_ID_` ASC) USING BTREE,
  CONSTRAINT `ACT_FK_VAR_BYTEARRAY` FOREIGN KEY (`BYTEARRAY_ID_`) REFERENCES `act_ge_bytearray` (`ID_`) ON DELETE RESTRICT ON UPDATE RESTRICT,
  CONSTRAINT `ACT_FK_VAR_EXE` FOREIGN KEY (`EXECUTION_ID_`) REFERENCES `act_ru_execution` (`ID_`) ON DELETE RESTRICT ON UPDATE RESTRICT,
  CONSTRAINT `ACT_FK_VAR_PROCINST` FOREIGN KEY (`PROC_INST_ID_`) REFERENCES `act_ru_execution` (`ID_`) ON DELETE RESTRICT ON UPDATE RESTRICT
) ENGINE = InnoDB CHARACTER SET = utf8mb3 COLLATE = utf8mb3_bin ROW_FORMAT = Dynamic;

-- ----------------------------
-- Records of act_ru_variable
-- ----------------------------

-- ----------------------------
-- Table structure for gen_table
-- ----------------------------
DROP TABLE IF EXISTS `gen_table`;
CREATE TABLE `gen_table`  (
  `table_id` bigint NOT NULL AUTO_INCREMENT COMMENT '',
  `table_name` varchar(200) CHARACTER SET utf8 COLLATE utf8_general_ci NULL DEFAULT '' COMMENT '',
  `table_comment` varchar(500) CHARACTER SET utf8 COLLATE utf8_general_ci NULL DEFAULT '' COMMENT '',
  `sub_table_name` varchar(64) CHARACTER SET utf8 COLLATE utf8_general_ci NULL DEFAULT NULL COMMENT '',
  `sub_table_fk_name` varchar(64) CHARACTER SET utf8 COLLATE utf8_general_ci NULL DEFAULT NULL COMMENT '',
  `class_name` varchar(100) CHARACTER SET utf8 COLLATE utf8_general_ci NULL DEFAULT '' COMMENT '',
  `tpl_category` varchar(200) CHARACTER SET utf8 COLLATE utf8_general_ci NULL DEFAULT 'crud' COMMENT 'crud tree',
  `package_name` varchar(100) CHARACTER SET utf8 COLLATE utf8_general_ci NULL DEFAULT NULL COMMENT '',
  `module_name` varchar(30) CHARACTER SET utf8 COLLATE utf8_general_ci NULL DEFAULT NULL COMMENT '',
  `business_name` varchar(30) CHARACTER SET utf8 COLLATE utf8_general_ci NULL DEFAULT NULL COMMENT '',
  `function_name` varchar(50) CHARACTER SET utf8 COLLATE utf8_general_ci NULL DEFAULT NULL COMMENT '',
  `function_author` varchar(50) CHARACTER SET utf8 COLLATE utf8_general_ci NULL DEFAULT NULL COMMENT '',
  `gen_type` char(1) CHARACTER SET utf8 COLLATE utf8_general_ci NULL DEFAULT '0' COMMENT '0zip 1',
  `gen_path` varchar(200) CHARACTER SET utf8 COLLATE utf8_general_ci NULL DEFAULT '/' COMMENT '',
  `options` varchar(1000) CHARACTER SET utf8 COLLATE utf8_general_ci NULL DEFAULT NULL COMMENT '',
  `create_by` varchar(64) CHARACTER SET utf8 COLLATE utf8_general_ci NULL DEFAULT '' COMMENT '',
  `create_time` datetime NULL DEFAULT NULL COMMENT '',
  `update_by` varchar(64) CHARACTER SET utf8 COLLATE utf8_general_ci NULL DEFAULT '' COMMENT '',
  `update_time` datetime NULL DEFAULT NULL COMMENT '',
  `remark` varchar(500) CHARACTER SET utf8 COLLATE utf8_general_ci NULL DEFAULT NULL COMMENT '',
  PRIMARY KEY (`table_id`) USING BTREE
) ENGINE = InnoDB CHARACTER SET = utf8 COLLATE = utf8_general_ci COMMENT = '' ROW_FORMAT = Dynamic;

-- ----------------------------
-- Records of gen_table
-- ----------------------------

-- ----------------------------
-- Table structure for gen_table_column
-- ----------------------------
DROP TABLE IF EXISTS `gen_table_column`;
CREATE TABLE `gen_table_column`  (
  `column_id` bigint NOT NULL AUTO_INCREMENT COMMENT '',
  `table_id` bigint NULL DEFAULT NULL COMMENT '',
  `column_name` varchar(200) CHARACTER SET utf8 COLLATE utf8_general_ci NULL DEFAULT NULL COMMENT '',
  `column_comment` varchar(500) CHARACTER SET utf8 COLLATE utf8_general_ci NULL DEFAULT NULL COMMENT '',
  `column_type` varchar(100) CHARACTER SET utf8 COLLATE utf8_general_ci NULL DEFAULT NULL COMMENT '',
  `java_type` varchar(500) CHARACTER SET utf8 COLLATE utf8_general_ci NULL DEFAULT NULL COMMENT 'JAVA',
  `java_field` varchar(200) CHARACTER SET utf8 COLLATE utf8_general_ci NULL DEFAULT NULL COMMENT 'JAVA',
  `is_pk` char(1) CHARACTER SET utf8 COLLATE utf8_general_ci NULL DEFAULT NULL COMMENT '1',
  `is_increment` char(1) CHARACTER SET utf8 COLLATE utf8_general_ci NULL DEFAULT NULL COMMENT '1',
  `is_required` char(1) CHARACTER SET utf8 COLLATE utf8_general_ci NULL DEFAULT NULL COMMENT '1',
  `is_insert` char(1) CHARACTER SET utf8 COLLATE utf8_general_ci NULL DEFAULT NULL COMMENT '1',
  `is_edit` char(1) CHARACTER SET utf8 COLLATE utf8_general_ci NULL DEFAULT NULL COMMENT '1',
  `is_list` char(1) CHARACTER SET utf8 COLLATE utf8_general_ci NULL DEFAULT NULL COMMENT '1',
  `is_query` char(1) CHARACTER SET utf8 COLLATE utf8_general_ci NULL DEFAULT NULL COMMENT '1',
  `query_type` varchar(200) CHARACTER SET utf8 COLLATE utf8_general_ci NULL DEFAULT 'EQ' COMMENT '',
  `html_type` varchar(200) CHARACTER SET utf8 COLLATE utf8_general_ci NULL DEFAULT NULL COMMENT '',
  `dict_type` varchar(200) CHARACTER SET utf8 COLLATE utf8_general_ci NULL DEFAULT '' COMMENT '',
  `sort` int NULL DEFAULT NULL COMMENT '',
  `create_by` varchar(64) CHARACTER SET utf8 COLLATE utf8_general_ci NULL DEFAULT '' COMMENT '',
  `create_time` datetime NULL DEFAULT NULL COMMENT '',
  `update_by` varchar(64) CHARACTER SET utf8 COLLATE utf8_general_ci NULL DEFAULT '' COMMENT '',
  `update_time` datetime NULL DEFAULT NULL COMMENT '',
  PRIMARY KEY (`column_id`) USING BTREE
) ENGINE = InnoDB CHARACTER SET = utf8 COLLATE = utf8_general_ci COMMENT = '' ROW_FORMAT = Dynamic;

-- ----------------------------
-- Records of gen_table_column
-- ----------------------------

-- ----------------------------
-- Table structure for in_inventory
-- ----------------------------
DROP TABLE IF EXISTS `in_inventory`;
CREATE TABLE `in_inventory`  (
  `id` int NOT NULL AUTO_INCREMENT COMMENT '',
  `in_ma_id` int NULL DEFAULT NULL COMMENT 'id',
  `people_id` int NULL DEFAULT NULL COMMENT 'id',
  `time` datetime NULL DEFAULT CURRENT_TIMESTAMP ON UPDATE CURRENT_TIMESTAMP COMMENT '',
  PRIMARY KEY (`id`) USING BTREE
) ENGINE = InnoDB AUTO_INCREMENT = 1982652419 CHARACTER SET = utf8 COLLATE = utf8_general_ci COMMENT = '' ROW_FORMAT = Dynamic;

-- ----------------------------
-- Records of in_inventory
-- ----------------------------
INSERT INTO `in_inventory` VALUES (86, 86, 1, '2023-11-10 16:00:44');
INSERT INTO `in_inventory` VALUES (87, 87, 1, '2023-11-10 16:00:44');
INSERT INTO `in_inventory` VALUES (88, 88, 1, '2023-11-10 16:00:44');
INSERT INTO `in_inventory` VALUES (89, 89, 1, '2023-11-10 16:00:44');
INSERT INTO `in_inventory` VALUES (90, 90, 1, '2023-11-10 16:00:44');
INSERT INTO `in_inventory` VALUES (91, 91, 1, '2023-11-10 16:00:44');
INSERT INTO `in_inventory` VALUES (92, 92, 1, '2023-11-10 16:00:44');
INSERT INTO `in_inventory` VALUES (93, 93, 1, '2023-11-10 16:00:44');
INSERT INTO `in_inventory` VALUES (94, 94, 1, '2023-11-10 16:00:44');
INSERT INTO `in_inventory` VALUES (95, 95, 1, '2023-11-10 16:00:44');
INSERT INTO `in_inventory` VALUES (96, 96, 1, '2023-11-10 16:00:44');
INSERT INTO `in_inventory` VALUES (97, 97, 1, '2023-11-10 16:00:44');
INSERT INTO `in_inventory` VALUES (98, 98, 1, '2023-11-10 16:00:44');
INSERT INTO `in_inventory` VALUES (99, 99, 1, '2023-11-10 16:00:44');
INSERT INTO `in_inventory` VALUES (100, 100, 1, '2023-11-10 16:00:44');
INSERT INTO `in_inventory` VALUES (101, 101, 1, '2023-11-10 16:00:44');
INSERT INTO `in_inventory` VALUES (102, 102, 1, '2023-11-10 16:00:44');
INSERT INTO `in_inventory` VALUES (103, 103, 1, '2023-11-10 16:00:44');

-- ----------------------------
-- Table structure for inventory_management
-- ----------------------------
DROP TABLE IF EXISTS `inventory_management`;
CREATE TABLE `inventory_management`  (
  `id` int NOT NULL AUTO_INCREMENT COMMENT '',
  `customer_name` varchar(50) CHARACTER SET utf8 COLLATE utf8_general_ci NULL DEFAULT NULL COMMENT '',
  `region` varchar(256) CHARACTER SET utf8 COLLATE utf8_general_ci NULL DEFAULT NULL COMMENT '',
  `parking_garage` int NULL DEFAULT NULL COMMENT '',
  `make_and_model` varchar(100) CHARACTER SET utf8 COLLATE utf8_general_ci NULL DEFAULT NULL COMMENT '',
  `business_type` varchar(255) CHARACTER SET utf8 COLLATE utf8_general_ci NULL DEFAULT NULL COMMENT '',
  `licens_plate_number` varchar(50) CHARACTER SET utf8 COLLATE utf8_general_ci NULL DEFAULT NULL COMMENT '',
  `inbound_date` date NULL DEFAULT NULL COMMENT '',
  `clearance_team` varchar(100) CHARACTER SET utf8 COLLATE utf8_general_ci NULL DEFAULT NULL COMMENT '',
  `pick_up_fee` varchar(50) CHARACTER SET utf8 COLLATE utf8_general_ci NULL DEFAULT NULL COMMENT '',
  `is_normal` int NULL DEFAULT 0 COMMENT '0 1 2',
  `remark` varchar(256) CHARACTER SET utf8 COLLATE utf8_general_ci NULL DEFAULT NULL COMMENT '',
  `status` int NULL DEFAULT 0 COMMENT ' 0 1 2 3 ',
  `settle_status` tinyint(1) NULL DEFAULT NULL COMMENT '0:1',
  `creator_id` int NULL DEFAULT NULL COMMENT 'id',
  `time` datetime NULL DEFAULT CURRENT_TIMESTAMP ON UPDATE CURRENT_TIMESTAMP COMMENT '',
  `del_flag` tinyint NOT NULL DEFAULT 0 COMMENT '0 1',
  PRIMARY KEY (`id`) USING BTREE
) ENGINE = InnoDB AUTO_INCREMENT = 104 CHARACTER SET = utf8 COLLATE = utf8_general_ci COMMENT = '' ROW_FORMAT = Dynamic;

-- ----------------------------
-- Records of inventory_management
-- ----------------------------
INSERT INTO `inventory_management` VALUES (86, '', '', 13, '2019  535T  VI', '', 'E53S7S', '2022-08-04', '', '1326.0', 0, NULL, 0, 1, 1, '2023-11-10 16:00:56', 0);
INSERT INTO `inventory_management` VALUES (87, '', '', 14, '2010 M() ML300 4MATIC', '', 'E000UE', '2022-05-31', '', '2688.0', 0, NULL, 0, 1, 1, '2023-11-10 16:00:56', 0);
INSERT INTO `inventory_management` VALUES (88, '', '', 14, '2015 XR-V 1.8L VTi CVT', '', 'A52F99', '2022-12-26', '', '0.0', 0, NULL, 0, 1, 1, '2023-11-10 16:00:56', 0);
INSERT INTO `inventory_management` VALUES (89, '', '', 6, '2019  15T  V', '', 'E27R3T', '2023-01-14', '', '3000.0', 0, NULL, 0, 1, 1, '2023-11-10 16:00:56', 0);
INSERT INTO `inventory_management` VALUES (90, '', '', 6, '2016 RAV4 2.0L CVT', '', 'FS70N7', '2023-02-14', '', '700.0', 0, NULL, 0, 1, 1, '2023-11-10 16:00:56', 0);
INSERT INTO `inventory_management` VALUES (91, '', '', 6, '2013 3 320Li ', '', 'C991J1', '2023-04-17', '', '0.0', 0, NULL, 0, 1, 1, '2023-11-10 16:00:56', 0);
INSERT INTO `inventory_management` VALUES (92, '', '', 6, '2017  2.2T ', '', 'EZ5V69', '2023-05-20', '', '1000.0', 0, NULL, 0, 1, 1, '2023-11-10 16:00:56', 0);
INSERT INTO `inventory_management` VALUES (93, '', '', 6, '2017  230TSI DSG', '', 'E20C2M', '2023-06-22', '', '1100.0', 0, NULL, 0, 1, 1, '2023-11-10 16:00:56', 0);
INSERT INTO `inventory_management` VALUES (94, '', '', 6, '2021  2.0L XL ', '', 'EJ96B9', '2023-06-28', '', '1100.0', 0, NULL, 0, 1, 1, '2023-11-10 16:00:56', 0);
INSERT INTO `inventory_management` VALUES (95, '', '', 6, '2015  2.5L XL ', '', 'EW6X97', '2023-08-05', '', '1200.0', 0, NULL, 0, 1, 1, '2023-11-10 16:00:56', 0);
INSERT INTO `inventory_management` VALUES (96, '', '', 6, '2012 S() S300L  Grand Edition', '', 'E333N0', '2023-07-17', '', '1100.0', 0, NULL, 0, 1, 1, '2023-11-10 16:00:56', 0);
INSERT INTO `inventory_management` VALUES (97, '', '', 15, '2018 CS75 280T  V', '', 'E5189P', '2023-07-18', '', '4000.0', 0, NULL, 0, 1, 1, '2023-11-10 16:00:56', 0);
INSERT INTO `inventory_management` VALUES (98, '', '', 6, '2020 H5 1.8T ', '', 'U30V28', '2023-07-21', '', '1100.0', 0, NULL, 0, 1, 1, '2023-11-10 16:00:56', 0);
INSERT INTO `inventory_management` VALUES (99, '', '', 5, '2017  2.0T SE ', '', 'B7D5M8', '2023-07-23', '', '0.0', 0, NULL, 0, 1, 1, '2023-11-10 16:00:56', 0);
INSERT INTO `inventory_management` VALUES (100, '', '', 13, '2015  2.0XL  CVT 2WD', '', 'E2L1T8', '2023-09-05', '', '1100.0', 1, NULL, 0, 1, 1, '2023-11-10 16:00:56', 0);
INSERT INTO `inventory_management` VALUES (101, '', '', 7, '2011 () 3.6 ', '', 'E6D6Y8', '2023-07-26', '', '8000.0', 1, '', 0, 1, 1, '2023-11-10 16:00:56', 0);
INSERT INTO `inventory_management` VALUES (102, '', '', 16, '2019  180TURBO CVT', '', 'UGE117', '2023-09-14', '', '10000.0', 0, '5000+5000', 0, 1, 1, '2023-11-10 16:00:56', 0);
INSERT INTO `inventory_management` VALUES (103, '', '', 6, '2017 CR-V 240TURBO ', '', 'E531TH', '2023-09-19', '', '1100.0', 0, NULL, 0, 1, 1, '2023-11-10 16:00:56', 0);

-- ----------------------------
-- Table structure for out_inventory
-- ----------------------------
DROP TABLE IF EXISTS `out_inventory`;
CREATE TABLE `out_inventory`  (
  `id` int NOT NULL AUTO_INCREMENT COMMENT '',
  `outbound_reason` varchar(255) CHARACTER SET utf8 COLLATE utf8_general_ci NULL DEFAULT NULL COMMENT '',
  `creator_id` int NULL DEFAULT NULL COMMENT 'id',
  `parking_fees` varchar(255) CHARACTER SET utf8 COLLATE utf8_general_ci NULL DEFAULT NULL COMMENT '',
  `paid` int NULL DEFAULT NULL COMMENT '',
  `in_man_id` int NULL DEFAULT NULL COMMENT 'id',
  `out_date` date NULL DEFAULT NULL COMMENT '',
  `out_remark` varchar(300) CHARACTER SET utf8 COLLATE utf8_general_ci NULL DEFAULT NULL COMMENT '',
  `vehicle_recipient` varchar(50) CHARACTER SET utf8 COLLATE utf8_general_ci NULL DEFAULT NULL COMMENT '',
  `create_time` datetime NULL DEFAULT CURRENT_TIMESTAMP ON UPDATE CURRENT_TIMESTAMP COMMENT '',
  `del_flag` tinyint(1) NOT NULL DEFAULT 0 COMMENT ' 0: 1',
  PRIMARY KEY (`id`) USING BTREE
) ENGINE = InnoDB AUTO_INCREMENT = 2104324099 CHARACTER SET = utf8 COLLATE = utf8_general_ci COMMENT = '' ROW_FORMAT = DYNAMIC;

-- ----------------------------
-- Records of out_inventory
-- ----------------------------

-- ----------------------------
-- Table structure for qrtz_blob_triggers
-- ----------------------------
DROP TABLE IF EXISTS `qrtz_blob_triggers`;
CREATE TABLE `qrtz_blob_triggers`  (
  `sched_name` varchar(120) CHARACTER SET utf8 COLLATE utf8_general_ci NOT NULL COMMENT '',
  `trigger_name` varchar(200) CHARACTER SET utf8 COLLATE utf8_general_ci NOT NULL COMMENT 'qrtz_triggerstrigger_name',
  `trigger_group` varchar(200) CHARACTER SET utf8 COLLATE utf8_general_ci NOT NULL COMMENT 'qrtz_triggerstrigger_group',
  `blob_data` blob NULL COMMENT 'Trigger',
  PRIMARY KEY (`sched_name`, `trigger_name`, `trigger_group`) USING BTREE,
  CONSTRAINT `qrtz_blob_triggers_ibfk_1` FOREIGN KEY (`sched_name`, `trigger_name`, `trigger_group`) REFERENCES `qrtz_triggers` (`sched_name`, `trigger_name`, `trigger_group`) ON DELETE RESTRICT ON UPDATE RESTRICT
) ENGINE = InnoDB CHARACTER SET = utf8 COLLATE = utf8_general_ci COMMENT = 'Blob' ROW_FORMAT = Dynamic;

-- ----------------------------
-- Records of qrtz_blob_triggers
-- ----------------------------

-- ----------------------------
-- Table structure for qrtz_calendars
-- ----------------------------
DROP TABLE IF EXISTS `qrtz_calendars`;
CREATE TABLE `qrtz_calendars`  (
  `sched_name` varchar(120) CHARACTER SET utf8 COLLATE utf8_general_ci NOT NULL COMMENT '',
  `calendar_name` varchar(200) CHARACTER SET utf8 COLLATE utf8_general_ci NOT NULL COMMENT '',
  `calendar` blob NOT NULL COMMENT 'calendar',
  PRIMARY KEY (`sched_name`, `calendar_name`) USING BTREE
) ENGINE = InnoDB CHARACTER SET = utf8 COLLATE = utf8_general_ci COMMENT = '' ROW_FORMAT = Dynamic;

-- ----------------------------
-- Records of qrtz_calendars
-- ----------------------------

-- ----------------------------
-- Table structure for qrtz_cron_triggers
-- ----------------------------
DROP TABLE IF EXISTS `qrtz_cron_triggers`;
CREATE TABLE `qrtz_cron_triggers`  (
  `sched_name` varchar(120) CHARACTER SET utf8 COLLATE utf8_general_ci NOT NULL COMMENT '',
  `trigger_name` varchar(200) CHARACTER SET utf8 COLLATE utf8_general_ci NOT NULL COMMENT 'qrtz_triggerstrigger_name',
  `trigger_group` varchar(200) CHARACTER SET utf8 COLLATE utf8_general_ci NOT NULL COMMENT 'qrtz_triggerstrigger_group',
  `cron_expression` varchar(200) CHARACTER SET utf8 COLLATE utf8_general_ci NOT NULL COMMENT 'cron',
  `time_zone_id` varchar(80) CHARACTER SET utf8 COLLATE utf8_general_ci NULL DEFAULT NULL COMMENT '',
  PRIMARY KEY (`sched_name`, `trigger_name`, `trigger_group`) USING BTREE,
  CONSTRAINT `qrtz_cron_triggers_ibfk_1` FOREIGN KEY (`sched_name`, `trigger_name`, `trigger_group`) REFERENCES `qrtz_triggers` (`sched_name`, `trigger_name`, `trigger_group`) ON DELETE RESTRICT ON UPDATE RESTRICT
) ENGINE = InnoDB CHARACTER SET = utf8 COLLATE = utf8_general_ci COMMENT = 'Cron' ROW_FORMAT = Dynamic;

-- ----------------------------
-- Records of qrtz_cron_triggers
-- ----------------------------

-- ----------------------------
-- Table structure for qrtz_fired_triggers
-- ----------------------------
DROP TABLE IF EXISTS `qrtz_fired_triggers`;
CREATE TABLE `qrtz_fired_triggers`  (
  `sched_name` varchar(120) CHARACTER SET utf8 COLLATE utf8_general_ci NOT NULL COMMENT '',
  `entry_id` varchar(95) CHARACTER SET utf8 COLLATE utf8_general_ci NOT NULL COMMENT 'id',
  `trigger_name` varchar(200) CHARACTER SET utf8 COLLATE utf8_general_ci NOT NULL COMMENT 'qrtz_triggerstrigger_name',
  `trigger_group` varchar(200) CHARACTER SET utf8 COLLATE utf8_general_ci NOT NULL COMMENT 'qrtz_triggerstrigger_group',
  `instance_name` varchar(200) CHARACTER SET utf8 COLLATE utf8_general_ci NOT NULL COMMENT '',
  `fired_time` bigint NOT NULL COMMENT '',
  `sched_time` bigint NOT NULL COMMENT '',
  `priority` int NOT NULL COMMENT '',
  `state` varchar(16) CHARACTER SET utf8 COLLATE utf8_general_ci NOT NULL COMMENT '',
  `job_name` varchar(200) CHARACTER SET utf8 COLLATE utf8_general_ci NULL DEFAULT NULL COMMENT '',
  `job_group` varchar(200) CHARACTER SET utf8 COLLATE utf8_general_ci NULL DEFAULT NULL COMMENT '',
  `is_nonconcurrent` varchar(1) CHARACTER SET utf8 COLLATE utf8_general_ci NULL DEFAULT NULL COMMENT '',
  `requests_recovery` varchar(1) CHARACTER SET utf8 COLLATE utf8_general_ci NULL DEFAULT NULL COMMENT '',
  PRIMARY KEY (`sched_name`, `entry_id`) USING BTREE
) ENGINE = InnoDB CHARACTER SET = utf8 COLLATE = utf8_general_ci COMMENT = '' ROW_FORMAT = Dynamic;

-- ----------------------------
-- Records of qrtz_fired_triggers
-- ----------------------------

-- ----------------------------
-- Table structure for qrtz_job_details
-- ----------------------------
DROP TABLE IF EXISTS `qrtz_job_details`;
CREATE TABLE `qrtz_job_details`  (
  `sched_name` varchar(120) CHARACTER SET utf8 COLLATE utf8_general_ci NOT NULL COMMENT '',
  `job_name` varchar(200) CHARACTER SET utf8 COLLATE utf8_general_ci NOT NULL COMMENT '',
  `job_group` varchar(200) CHARACTER SET utf8 COLLATE utf8_general_ci NOT NULL COMMENT '',
  `description` varchar(250) CHARACTER SET utf8 COLLATE utf8_general_ci NULL DEFAULT NULL COMMENT '',
  `job_class_name` varchar(250) CHARACTER SET utf8 COLLATE utf8_general_ci NOT NULL COMMENT '',
  `is_durable` varchar(1) CHARACTER SET utf8 COLLATE utf8_general_ci NOT NULL COMMENT '',
  `is_nonconcurrent` varchar(1) CHARACTER SET utf8 COLLATE utf8_general_ci NOT NULL COMMENT '',
  `is_update_data` varchar(1) CHARACTER SET utf8 COLLATE utf8_general_ci NOT NULL COMMENT '',
  `requests_recovery` varchar(1) CHARACTER SET utf8 COLLATE utf8_general_ci NOT NULL COMMENT '',
  `job_data` blob NULL COMMENT 'job',
  PRIMARY KEY (`sched_name`, `job_name`, `job_group`) USING BTREE
) ENGINE = InnoDB CHARACTER SET = utf8 COLLATE = utf8_general_ci COMMENT = '' ROW_FORMAT = Dynamic;

-- ----------------------------
-- Records of qrtz_job_details
-- ----------------------------

-- ----------------------------
-- Table structure for qrtz_locks
-- ----------------------------
DROP TABLE IF EXISTS `qrtz_locks`;
CREATE TABLE `qrtz_locks`  (
  `sched_name` varchar(120) CHARACTER SET utf8 COLLATE utf8_general_ci NOT NULL COMMENT '',
  `lock_name` varchar(40) CHARACTER SET utf8 COLLATE utf8_general_ci NOT NULL COMMENT '',
  PRIMARY KEY (`sched_name`, `lock_name`) USING BTREE
) ENGINE = InnoDB CHARACTER SET = utf8 COLLATE = utf8_general_ci COMMENT = '' ROW_FORMAT = Dynamic;

-- ----------------------------
-- Records of qrtz_locks
-- ----------------------------

-- ----------------------------
-- Table structure for qrtz_paused_trigger_grps
-- ----------------------------
DROP TABLE IF EXISTS `qrtz_paused_trigger_grps`;
CREATE TABLE `qrtz_paused_trigger_grps`  (
  `sched_name` varchar(120) CHARACTER SET utf8 COLLATE utf8_general_ci NOT NULL COMMENT '',
  `trigger_group` varchar(200) CHARACTER SET utf8 COLLATE utf8_general_ci NOT NULL COMMENT 'qrtz_triggerstrigger_group',
  PRIMARY KEY (`sched_name`, `trigger_group`) USING BTREE
) ENGINE = InnoDB CHARACTER SET = utf8 COLLATE = utf8_general_ci COMMENT = '' ROW_FORMAT = Dynamic;

-- ----------------------------
-- Records of qrtz_paused_trigger_grps
-- ----------------------------

-- ----------------------------
-- Table structure for qrtz_scheduler_state
-- ----------------------------
DROP TABLE IF EXISTS `qrtz_scheduler_state`;
CREATE TABLE `qrtz_scheduler_state`  (
  `sched_name` varchar(120) CHARACTER SET utf8 COLLATE utf8_general_ci NOT NULL COMMENT '',
  `instance_name` varchar(200) CHARACTER SET utf8 COLLATE utf8_general_ci NOT NULL COMMENT '',
  `last_checkin_time` bigint NOT NULL COMMENT '',
  `checkin_interval` bigint NOT NULL COMMENT '',
  PRIMARY KEY (`sched_name`, `instance_name`) USING BTREE
) ENGINE = InnoDB CHARACTER SET = utf8 COLLATE = utf8_general_ci COMMENT = '' ROW_FORMAT = Dynamic;

-- ----------------------------
-- Records of qrtz_scheduler_state
-- ----------------------------

-- ----------------------------
-- Table structure for qrtz_simple_triggers
-- ----------------------------
DROP TABLE IF EXISTS `qrtz_simple_triggers`;
CREATE TABLE `qrtz_simple_triggers`  (
  `sched_name` varchar(120) CHARACTER SET utf8 COLLATE utf8_general_ci NOT NULL COMMENT '',
  `trigger_name` varchar(200) CHARACTER SET utf8 COLLATE utf8_general_ci NOT NULL COMMENT 'qrtz_triggerstrigger_name',
  `trigger_group` varchar(200) CHARACTER SET utf8 COLLATE utf8_general_ci NOT NULL COMMENT 'qrtz_triggerstrigger_group',
  `repeat_count` bigint NOT NULL COMMENT '',
  `repeat_interval` bigint NOT NULL COMMENT '',
  `times_triggered` bigint NOT NULL COMMENT '',
  PRIMARY KEY (`sched_name`, `trigger_name`, `trigger_group`) USING BTREE,
  CONSTRAINT `qrtz_simple_triggers_ibfk_1` FOREIGN KEY (`sched_name`, `trigger_name`, `trigger_group`) REFERENCES `qrtz_triggers` (`sched_name`, `trigger_name`, `trigger_group`) ON DELETE RESTRICT ON UPDATE RESTRICT
) ENGINE = InnoDB CHARACTER SET = utf8 COLLATE = utf8_general_ci COMMENT = '' ROW_FORMAT = Dynamic;

-- ----------------------------
-- Records of qrtz_simple_triggers
-- ----------------------------

-- ----------------------------
-- Table structure for qrtz_simprop_triggers
-- ----------------------------
DROP TABLE IF EXISTS `qrtz_simprop_triggers`;
CREATE TABLE `qrtz_simprop_triggers`  (
  `sched_name` varchar(120) CHARACTER SET utf8 COLLATE utf8_general_ci NOT NULL COMMENT '',
  `trigger_name` varchar(200) CHARACTER SET utf8 COLLATE utf8_general_ci NOT NULL COMMENT 'qrtz_triggerstrigger_name',
  `trigger_group` varchar(200) CHARACTER SET utf8 COLLATE utf8_general_ci NOT NULL COMMENT 'qrtz_triggerstrigger_group',
  `str_prop_1` varchar(512) CHARACTER SET utf8 COLLATE utf8_general_ci NULL DEFAULT NULL COMMENT 'Stringtrigger',
  `str_prop_2` varchar(512) CHARACTER SET utf8 COLLATE utf8_general_ci NULL DEFAULT NULL COMMENT 'Stringtrigger',
  `str_prop_3` varchar(512) CHARACTER SET utf8 COLLATE utf8_general_ci NULL DEFAULT NULL COMMENT 'Stringtrigger',
  `int_prop_1` int NULL DEFAULT NULL COMMENT 'inttrigger',
  `int_prop_2` int NULL DEFAULT NULL COMMENT 'inttrigger',
  `long_prop_1` bigint NULL DEFAULT NULL COMMENT 'longtrigger',
  `long_prop_2` bigint NULL DEFAULT NULL COMMENT 'longtrigger',
  `dec_prop_1` decimal(13, 4) NULL DEFAULT NULL COMMENT 'decimaltrigger',
  `dec_prop_2` decimal(13, 4) NULL DEFAULT NULL COMMENT 'decimaltrigger',
  `bool_prop_1` varchar(1) CHARACTER SET utf8 COLLATE utf8_general_ci NULL DEFAULT NULL COMMENT 'Booleantrigger',
  `bool_prop_2` varchar(1) CHARACTER SET utf8 COLLATE utf8_general_ci NULL DEFAULT NULL COMMENT 'Booleantrigger',
  PRIMARY KEY (`sched_name`, `trigger_name`, `trigger_group`) USING BTREE,
  CONSTRAINT `qrtz_simprop_triggers_ibfk_1` FOREIGN KEY (`sched_name`, `trigger_name`, `trigger_group`) REFERENCES `qrtz_triggers` (`sched_name`, `trigger_name`, `trigger_group`) ON DELETE RESTRICT ON UPDATE RESTRICT
) ENGINE = InnoDB CHARACTER SET = utf8 COLLATE = utf8_general_ci COMMENT = '' ROW_FORMAT = Dynamic;

-- ----------------------------
-- Records of qrtz_simprop_triggers
-- ----------------------------

-- ----------------------------
-- Table structure for qrtz_triggers
-- ----------------------------
DROP TABLE IF EXISTS `qrtz_triggers`;
CREATE TABLE `qrtz_triggers`  (
  `sched_name` varchar(120) CHARACTER SET utf8 COLLATE utf8_general_ci NOT NULL COMMENT '',
  `trigger_name` varchar(200) CHARACTER SET utf8 COLLATE utf8_general_ci NOT NULL COMMENT '',
  `trigger_group` varchar(200) CHARACTER SET utf8 COLLATE utf8_general_ci NOT NULL COMMENT '',
  `job_name` varchar(200) CHARACTER SET utf8 COLLATE utf8_general_ci NOT NULL COMMENT 'qrtz_job_detailsjob_name',
  `job_group` varchar(200) CHARACTER SET utf8 COLLATE utf8_general_ci NOT NULL COMMENT 'qrtz_job_detailsjob_group',
  `description` varchar(250) CHARACTER SET utf8 COLLATE utf8_general_ci NULL DEFAULT NULL COMMENT '',
  `next_fire_time` bigint NULL DEFAULT NULL COMMENT '',
  `prev_fire_time` bigint NULL DEFAULT NULL COMMENT '-1',
  `priority` int NULL DEFAULT NULL COMMENT '',
  `trigger_state` varchar(16) CHARACTER SET utf8 COLLATE utf8_general_ci NOT NULL COMMENT '',
  `trigger_type` varchar(8) CHARACTER SET utf8 COLLATE utf8_general_ci NOT NULL COMMENT '',
  `start_time` bigint NOT NULL COMMENT '',
  `end_time` bigint NULL DEFAULT NULL COMMENT '',
  `calendar_name` varchar(200) CHARACTER SET utf8 COLLATE utf8_general_ci NULL DEFAULT NULL COMMENT '',
  `misfire_instr` smallint NULL DEFAULT NULL COMMENT '',
  `job_data` blob NULL COMMENT 'job',
  PRIMARY KEY (`sched_name`, `trigger_name`, `trigger_group`) USING BTREE,
  INDEX `sched_name`(`sched_name` ASC, `job_name` ASC, `job_group` ASC) USING BTREE,
  CONSTRAINT `qrtz_triggers_ibfk_1` FOREIGN KEY (`sched_name`, `job_name`, `job_group`) REFERENCES `qrtz_job_details` (`sched_name`, `job_name`, `job_group`) ON DELETE RESTRICT ON UPDATE RESTRICT
) ENGINE = InnoDB CHARACTER SET = utf8 COLLATE = utf8_general_ci COMMENT = '' ROW_FORMAT = Dynamic;

-- ----------------------------
-- Records of qrtz_triggers
-- ----------------------------

-- ----------------------------
-- Table structure for sys_config
-- ----------------------------
DROP TABLE IF EXISTS `sys_config`;
CREATE TABLE `sys_config`  (
  `config_id` int NOT NULL AUTO_INCREMENT COMMENT '',
  `config_name` varchar(100) CHARACTER SET utf8 COLLATE utf8_general_ci NULL DEFAULT '' COMMENT '',
  `config_key` varchar(100) CHARACTER SET utf8 COLLATE utf8_general_ci NULL DEFAULT '' COMMENT '',
  `config_value` varchar(500) CHARACTER SET utf8 COLLATE utf8_general_ci NULL DEFAULT '' COMMENT '',
  `config_type` char(1) CHARACTER SET utf8 COLLATE utf8_general_ci NULL DEFAULT 'N' COMMENT 'Y N',
  `create_by` varchar(64) CHARACTER SET utf8 COLLATE utf8_general_ci NULL DEFAULT '' COMMENT '',
  `create_time` datetime NULL DEFAULT NULL COMMENT '',
  `update_by` varchar(64) CHARACTER SET utf8 COLLATE utf8_general_ci NULL DEFAULT '' COMMENT '',
  `update_time` datetime NULL DEFAULT NULL COMMENT '',
  `remark` varchar(500) CHARACTER SET utf8 COLLATE utf8_general_ci NULL DEFAULT NULL COMMENT '',
  PRIMARY KEY (`config_id`) USING BTREE
) ENGINE = InnoDB AUTO_INCREMENT = 100 CHARACTER SET = utf8 COLLATE = utf8_general_ci COMMENT = '' ROW_FORMAT = Dynamic;

-- ----------------------------
-- Records of sys_config
-- ----------------------------
INSERT INTO `sys_config` VALUES (1, '-', 'sys.index.skinName', 'skin-blue', 'Y', 'admin', '2023-09-21 10:56:00', '', NULL, ' skin-blue skin-green skin-purple skin-red skin-yellow');
INSERT INTO `sys_config` VALUES (2, '-', 'sys.user.initPassword', '123456', 'Y', 'admin', '2023-09-21 10:56:00', '', NULL, ' 123456');
INSERT INTO `sys_config` VALUES (3, '-', 'sys.index.sideTheme', 'theme-dark', 'Y', 'admin', '2023-09-21 10:56:00', '', NULL, 'theme-darktheme-light');
INSERT INTO `sys_config` VALUES (4, '-', 'sys.account.captchaEnabled', 'false', 'Y', 'admin', '2023-09-21 10:56:00', 'admin', '2023-10-31 13:57:59', 'truefalse');
INSERT INTO `sys_config` VALUES (5, '-', 'sys.account.registerUser', 'false', 'Y', 'admin', '2023-09-21 10:56:00', '', NULL, 'truefalse');
INSERT INTO `sys_config` VALUES (6, '-', 'sys.login.blackIPList', '', 'Y', 'admin', '2023-09-21 10:56:00', '', NULL, 'IP;*');

-- ----------------------------
-- Table structure for sys_dept
-- ----------------------------
DROP TABLE IF EXISTS `sys_dept`;
CREATE TABLE `sys_dept`  (
  `dept_id` bigint NOT NULL AUTO_INCREMENT COMMENT 'id',
  `parent_id` bigint NULL DEFAULT 0 COMMENT 'id',
  `ancestors` varchar(50) CHARACTER SET utf8 COLLATE utf8_general_ci NULL DEFAULT '' COMMENT '',
  `dept_name` varchar(30) CHARACTER SET utf8 COLLATE utf8_general_ci NULL DEFAULT '' COMMENT '',
  `order_num` int NULL DEFAULT 0 COMMENT '',
  `leader` varchar(20) CHARACTER SET utf8 COLLATE utf8_general_ci NULL DEFAULT NULL COMMENT '',
  `phone` varchar(11) CHARACTER SET utf8 COLLATE utf8_general_ci NULL DEFAULT NULL COMMENT '',
  `email` varchar(50) CHARACTER SET utf8 COLLATE utf8_general_ci NULL DEFAULT NULL COMMENT '',
  `status` char(1) CHARACTER SET utf8 COLLATE utf8_general_ci NULL DEFAULT '0' COMMENT '0 1',
  `del_flag` char(1) CHARACTER SET utf8 COLLATE utf8_general_ci NULL DEFAULT '0' COMMENT '0 2',
  `create_by` varchar(64) CHARACTER SET utf8 COLLATE utf8_general_ci NULL DEFAULT '' COMMENT '',
  `create_time` datetime NULL DEFAULT NULL COMMENT '',
  `update_by` varchar(64) CHARACTER SET utf8 COLLATE utf8_general_ci NULL DEFAULT '' COMMENT '',
  `update_time` datetime NULL DEFAULT NULL COMMENT '',
  PRIMARY KEY (`dept_id`) USING BTREE
) ENGINE = InnoDB AUTO_INCREMENT = 200 CHARACTER SET = utf8 COLLATE = utf8_general_ci COMMENT = '' ROW_FORMAT = Dynamic;

-- ----------------------------
-- Records of sys_dept
-- ----------------------------
INSERT INTO `sys_dept` VALUES (100, 0, '0', '', 0, '', '15888888888', 'ry@qq.com', '0', '0', 'admin', '2023-09-21 10:56:00', '', NULL);
INSERT INTO `sys_dept` VALUES (101, 100, '0,100', '', 1, '', '15888888888', 'ry@qq.com', '0', '0', 'admin', '2023-09-21 10:56:00', '', NULL);
INSERT INTO `sys_dept` VALUES (102, 100, '0,100', '', 2, '', '15888888888', 'ry@qq.com', '0', '0', 'admin', '2023-09-21 10:56:00', '', NULL);
INSERT INTO `sys_dept` VALUES (103, 101, '0,100,101', '', 1, '', '15888888888', 'ry@qq.com', '0', '0', 'admin', '2023-09-21 10:56:00', '', NULL);
INSERT INTO `sys_dept` VALUES (104, 101, '0,100,101', '', 2, '', '15888888888', 'ry@qq.com', '0', '0', 'admin', '2023-09-21 10:56:00', '', NULL);
INSERT INTO `sys_dept` VALUES (105, 101, '0,100,101', '', 3, '', '15888888888', 'ry@qq.com', '0', '0', 'admin', '2023-09-21 10:56:00', '', NULL);
INSERT INTO `sys_dept` VALUES (106, 101, '0,100,101', '', 4, '', '15888888888', 'ry@qq.com', '0', '0', 'admin', '2023-09-21 10:56:00', '', NULL);
INSERT INTO `sys_dept` VALUES (107, 101, '0,100,101', '', 5, '', '15888888888', 'ry@qq.com', '0', '0', 'admin', '2023-09-21 10:56:00', '', NULL);
INSERT INTO `sys_dept` VALUES (108, 102, '0,100,102', '', 1, '', '15888888888', 'ry@qq.com', '0', '0', 'admin', '2023-09-21 10:56:00', '', NULL);
INSERT INTO `sys_dept` VALUES (109, 102, '0,100,102', '', 2, '', '15888888888', 'ry@qq.com', '0', '0', 'admin', '2023-09-21 10:56:00', '', NULL);

-- ----------------------------
-- Table structure for sys_dict_data
-- ----------------------------
DROP TABLE IF EXISTS `sys_dict_data`;
CREATE TABLE `sys_dict_data`  (
  `dict_code` bigint NOT NULL AUTO_INCREMENT COMMENT '',
  `dict_sort` int NULL DEFAULT 0 COMMENT '',
  `dict_label` varchar(100) CHARACTER SET utf8 COLLATE utf8_general_ci NULL DEFAULT '' COMMENT '',
  `dict_value` varchar(100) CHARACTER SET utf8 COLLATE utf8_general_ci NULL DEFAULT '' COMMENT '',
  `dict_type` varchar(100) CHARACTER SET utf8 COLLATE utf8_general_ci NULL DEFAULT '' COMMENT '',
  `css_class` varchar(100) CHARACTER SET utf8 COLLATE utf8_general_ci NULL DEFAULT NULL COMMENT '',
  `list_class` varchar(100) CHARACTER SET utf8 COLLATE utf8_general_ci NULL DEFAULT NULL COMMENT '',
  `is_default` char(1) CHARACTER SET utf8 COLLATE utf8_general_ci NULL DEFAULT 'N' COMMENT 'Y N',
  `status` char(1) CHARACTER SET utf8 COLLATE utf8_general_ci NULL DEFAULT '0' COMMENT '0 1',
  `create_by` varchar(64) CHARACTER SET utf8 COLLATE utf8_general_ci NULL DEFAULT '' COMMENT '',
  `create_time` datetime NULL DEFAULT NULL COMMENT '',
  `update_by` varchar(64) CHARACTER SET utf8 COLLATE utf8_general_ci NULL DEFAULT '' COMMENT '',
  `update_time` datetime NULL DEFAULT NULL COMMENT '',
  `remark` varchar(500) CHARACTER SET utf8 COLLATE utf8_general_ci NULL DEFAULT NULL COMMENT '',
  PRIMARY KEY (`dict_code`) USING BTREE
) ENGINE = InnoDB AUTO_INCREMENT = 100 CHARACTER SET = utf8 COLLATE = utf8_general_ci COMMENT = '' ROW_FORMAT = Dynamic;

-- ----------------------------
-- Records of sys_dict_data
-- ----------------------------
INSERT INTO `sys_dict_data` VALUES (1, 1, '', '0', 'sys_user_sex', '', '', 'Y', '0', 'admin', '2023-09-21 10:56:00', '', NULL, '');
INSERT INTO `sys_dict_data` VALUES (2, 2, '', '1', 'sys_user_sex', '', '', 'N', '0', 'admin', '2023-09-21 10:56:00', '', NULL, '');
INSERT INTO `sys_dict_data` VALUES (3, 3, '', '2', 'sys_user_sex', '', '', 'N', '0', 'admin', '2023-09-21 10:56:00', '', NULL, '');
INSERT INTO `sys_dict_data` VALUES (4, 1, '', '0', 'sys_show_hide', '', 'primary', 'Y', '0', 'admin', '2023-09-21 10:56:00', '', NULL, '');
INSERT INTO `sys_dict_data` VALUES (5, 2, '', '1', 'sys_show_hide', '', 'danger', 'N', '0', 'admin', '2023-09-21 10:56:00', '', NULL, '');
INSERT INTO `sys_dict_data` VALUES (6, 1, '', '0', 'sys_normal_disable', '', 'primary', 'Y', '0', 'admin', '2023-09-21 10:56:00', '', NULL, '');
INSERT INTO `sys_dict_data` VALUES (7, 2, '', '1', 'sys_normal_disable', '', 'danger', 'N', '0', 'admin', '2023-09-21 10:56:00', '', NULL, '');
INSERT INTO `sys_dict_data` VALUES (8, 1, '', '0', 'sys_job_status', '', 'primary', 'Y', '0', 'admin', '2023-09-21 10:56:00', '', NULL, '');
INSERT INTO `sys_dict_data` VALUES (9, 2, '', '1', 'sys_job_status', '', 'danger', 'N', '0', 'admin', '2023-09-21 10:56:00', '', NULL, '');
INSERT INTO `sys_dict_data` VALUES (10, 1, '', 'DEFAULT', 'sys_job_group', '', '', 'Y', '0', 'admin', '2023-09-21 10:56:00', '', NULL, '');
INSERT INTO `sys_dict_data` VALUES (11, 2, '', 'SYSTEM', 'sys_job_group', '', '', 'N', '0', 'admin', '2023-09-21 10:56:00', '', NULL, '');
INSERT INTO `sys_dict_data` VALUES (12, 1, '', 'Y', 'sys_yes_no', '', 'primary', 'Y', '0', 'admin', '2023-09-21 10:56:00', '', NULL, '');
INSERT INTO `sys_dict_data` VALUES (13, 2, '', 'N', 'sys_yes_no', '', 'danger', 'N', '0', 'admin', '2023-09-21 10:56:00', '', NULL, '');
INSERT INTO `sys_dict_data` VALUES (14, 1, '', '1', 'sys_notice_type', '', 'warning', 'Y', '0', 'admin', '2023-09-21 10:56:00', '', NULL, '');
INSERT INTO `sys_dict_data` VALUES (15, 2, '', '2', 'sys_notice_type', '', 'success', 'N', '0', 'admin', '2023-09-21 10:56:00', '', NULL, '');
INSERT INTO `sys_dict_data` VALUES (16, 1, '', '0', 'sys_notice_status', '', 'primary', 'Y', '0', 'admin', '2023-09-21 10:56:00', '', NULL, '');
INSERT INTO `sys_dict_data` VALUES (17, 2, '', '1', 'sys_notice_status', '', 'danger', 'N', '0', 'admin', '2023-09-21 10:56:00', '', NULL, '');
INSERT INTO `sys_dict_data` VALUES (18, 99, '', '0', 'sys_oper_type', '', 'info', 'N', '0', 'admin', '2023-09-21 10:56:00', '', NULL, '');
INSERT INTO `sys_dict_data` VALUES (19, 1, '', '1', 'sys_oper_type', '', 'info', 'N', '0', 'admin', '2023-09-21 10:56:00', '', NULL, '');
INSERT INTO `sys_dict_data` VALUES (20, 2, '', '2', 'sys_oper_type', '', 'info', 'N', '0', 'admin', '2023-09-21 10:56:00', '', NULL, '');
INSERT INTO `sys_dict_data` VALUES (21, 3, '', '3', 'sys_oper_type', '', 'danger', 'N', '0', 'admin', '2023-09-21 10:56:00', '', NULL, '');
INSERT INTO `sys_dict_data` VALUES (22, 4, '', '4', 'sys_oper_type', '', 'primary', 'N', '0', 'admin', '2023-09-21 10:56:00', '', NULL, '');
INSERT INTO `sys_dict_data` VALUES (23, 5, '', '5', 'sys_oper_type', '', 'warning', 'N', '0', 'admin', '2023-09-21 10:56:00', '', NULL, '');
INSERT INTO `sys_dict_data` VALUES (24, 6, '', '6', 'sys_oper_type', '', 'warning', 'N', '0', 'admin', '2023-09-21 10:56:00', '', NULL, '');
INSERT INTO `sys_dict_data` VALUES (25, 7, '', '7', 'sys_oper_type', '', 'danger', 'N', '0', 'admin', '2023-09-21 10:56:00', '', NULL, '');
INSERT INTO `sys_dict_data` VALUES (26, 8, '', '8', 'sys_oper_type', '', 'warning', 'N', '0', 'admin', '2023-09-21 10:56:00', '', NULL, '');
INSERT INTO `sys_dict_data` VALUES (27, 9, '', '9', 'sys_oper_type', '', 'danger', 'N', '0', 'admin', '2023-09-21 10:56:00', '', NULL, '');
INSERT INTO `sys_dict_data` VALUES (28, 1, '', '0', 'sys_common_status', '', 'primary', 'N', '0', 'admin', '2023-09-21 10:56:00', '', NULL, '');
INSERT INTO `sys_dict_data` VALUES (29, 2, '', '1', 'sys_common_status', '', 'danger', 'N', '0', 'admin', '2023-09-21 10:56:00', '', NULL, '');

-- ----------------------------
-- Table structure for sys_dict_type
-- ----------------------------
DROP TABLE IF EXISTS `sys_dict_type`;
CREATE TABLE `sys_dict_type`  (
  `dict_id` bigint NOT NULL AUTO_INCREMENT COMMENT '',
  `dict_name` varchar(100) CHARACTER SET utf8 COLLATE utf8_general_ci NULL DEFAULT '' COMMENT '',
  `dict_type` varchar(100) CHARACTER SET utf8 COLLATE utf8_general_ci NULL DEFAULT '' COMMENT '',
  `status` char(1) CHARACTER SET utf8 COLLATE utf8_general_ci NULL DEFAULT '0' COMMENT '0 1',
  `create_by` varchar(64) CHARACTER SET utf8 COLLATE utf8_general_ci NULL DEFAULT '' COMMENT '',
  `create_time` datetime NULL DEFAULT NULL COMMENT '',
  `update_by` varchar(64) CHARACTER SET utf8 COLLATE utf8_general_ci NULL DEFAULT '' COMMENT '',
  `update_time` datetime NULL DEFAULT NULL COMMENT '',
  `remark` varchar(500) CHARACTER SET utf8 COLLATE utf8_general_ci NULL DEFAULT NULL COMMENT '',
  PRIMARY KEY (`dict_id`) USING BTREE,
  UNIQUE INDEX `dict_type`(`dict_type` ASC) USING BTREE
) ENGINE = InnoDB AUTO_INCREMENT = 100 CHARACTER SET = utf8 COLLATE = utf8_general_ci COMMENT = '' ROW_FORMAT = Dynamic;

-- ----------------------------
-- Records of sys_dict_type
-- ----------------------------
INSERT INTO `sys_dict_type` VALUES (1, '', 'sys_user_sex', '0', 'admin', '2023-09-21 10:56:00', '', NULL, '');
INSERT INTO `sys_dict_type` VALUES (2, '', 'sys_show_hide', '0', 'admin', '2023-09-21 10:56:00', '', NULL, '');
INSERT INTO `sys_dict_type` VALUES (3, '', 'sys_normal_disable', '0', 'admin', '2023-09-21 10:56:00', '', NULL, '');
INSERT INTO `sys_dict_type` VALUES (4, '', 'sys_job_status', '0', 'admin', '2023-09-21 10:56:00', '', NULL, '');
INSERT INTO `sys_dict_type` VALUES (5, '', 'sys_job_group', '0', 'admin', '2023-09-21 10:56:00', '', NULL, '');
INSERT INTO `sys_dict_type` VALUES (6, '', 'sys_yes_no', '0', 'admin', '2023-09-21 10:56:00', '', NULL, '');
INSERT INTO `sys_dict_type` VALUES (7, '', 'sys_notice_type', '0', 'admin', '2023-09-21 10:56:00', '', NULL, '');
INSERT INTO `sys_dict_type` VALUES (8, '', 'sys_notice_status', '0', 'admin', '2023-09-21 10:56:00', '', NULL, '');
INSERT INTO `sys_dict_type` VALUES (9, '', 'sys_oper_type', '0', 'admin', '2023-09-21 10:56:00', '', NULL, '');
INSERT INTO `sys_dict_type` VALUES (10, '', 'sys_common_status', '0', 'admin', '2023-09-21 10:56:00', '', NULL, '');

-- ----------------------------
-- Table structure for sys_job
-- ----------------------------
DROP TABLE IF EXISTS `sys_job`;
CREATE TABLE `sys_job`  (
  `job_id` bigint NOT NULL AUTO_INCREMENT COMMENT 'ID',
  `job_name` varchar(64) CHARACTER SET utf8 COLLATE utf8_general_ci NOT NULL DEFAULT '' COMMENT '',
  `job_group` varchar(64) CHARACTER SET utf8 COLLATE utf8_general_ci NOT NULL DEFAULT 'DEFAULT' COMMENT '',
  `invoke_target` varchar(500) CHARACTER SET utf8 COLLATE utf8_general_ci NOT NULL COMMENT '',
  `cron_expression` varchar(255) CHARACTER SET utf8 COLLATE utf8_general_ci NULL DEFAULT '' COMMENT 'cron',
  `misfire_policy` varchar(20) CHARACTER SET utf8 COLLATE utf8_general_ci NULL DEFAULT '3' COMMENT '1 2 3',
  `concurrent` char(1) CHARACTER SET utf8 COLLATE utf8_general_ci NULL DEFAULT '1' COMMENT '0 1',
  `status` char(1) CHARACTER SET utf8 COLLATE utf8_general_ci NULL DEFAULT '0' COMMENT '0 1',
  `create_by` varchar(64) CHARACTER SET utf8 COLLATE utf8_general_ci NULL DEFAULT '' COMMENT '',
  `create_time` datetime NULL DEFAULT NULL COMMENT '',
  `update_by` varchar(64) CHARACTER SET utf8 COLLATE utf8_general_ci NULL DEFAULT '' COMMENT '',
  `update_time` datetime NULL DEFAULT NULL COMMENT '',
  `remark` varchar(500) CHARACTER SET utf8 COLLATE utf8_general_ci NULL DEFAULT '' COMMENT '',
  PRIMARY KEY (`job_id`, `job_name`, `job_group`) USING BTREE
) ENGINE = InnoDB AUTO_INCREMENT = 100 CHARACTER SET = utf8 COLLATE = utf8_general_ci COMMENT = '' ROW_FORMAT = Dynamic;

-- ----------------------------
-- Records of sys_job
-- ----------------------------
INSERT INTO `sys_job` VALUES (1, '', 'DEFAULT', 'ryTask.ryNoParams', '0/10 * * * * ?', '3', '1', '1', 'admin', '2023-09-21 10:56:00', '', NULL, '');
INSERT INTO `sys_job` VALUES (2, '', 'DEFAULT', 'ryTask.ryParams(\'ry\')', '0/15 * * * * ?', '3', '1', '1', 'admin', '2023-09-21 10:56:00', '', NULL, '');
INSERT INTO `sys_job` VALUES (3, '', 'DEFAULT', 'ryTask.ryMultipleParams(\'ry\', true, 2000L, 316.50D, 100)', '0/20 * * * * ?', '3', '1', '1', 'admin', '2023-09-21 10:56:00', '', NULL, '');

-- ----------------------------
-- Table structure for sys_job_log
-- ----------------------------
DROP TABLE IF EXISTS `sys_job_log`;
CREATE TABLE `sys_job_log`  (
  `job_log_id` bigint NOT NULL AUTO_INCREMENT COMMENT 'ID',
  `job_name` varchar(64) CHARACTER SET utf8 COLLATE utf8_general_ci NOT NULL COMMENT '',
  `job_group` varchar(64) CHARACTER SET utf8 COLLATE utf8_general_ci NOT NULL COMMENT '',
  `invoke_target` varchar(500) CHARACTER SET utf8 COLLATE utf8_general_ci NOT NULL COMMENT '',
  `job_message` varchar(500) CHARACTER SET utf8 COLLATE utf8_general_ci NULL DEFAULT NULL COMMENT '',
  `status` char(1) CHARACTER SET utf8 COLLATE utf8_general_ci NULL DEFAULT '0' COMMENT '0 1',
  `exception_info` varchar(2000) CHARACTER SET utf8 COLLATE utf8_general_ci NULL DEFAULT '' COMMENT '',
  `create_time` datetime NULL DEFAULT NULL COMMENT '',
  PRIMARY KEY (`job_log_id`) USING BTREE
) ENGINE = InnoDB CHARACTER SET = utf8 COLLATE = utf8_general_ci COMMENT = '' ROW_FORMAT = Dynamic;

-- ----------------------------
-- Records of sys_job_log
-- ----------------------------

-- ----------------------------
-- Table structure for sys_logininfor
-- ----------------------------
DROP TABLE IF EXISTS `sys_logininfor`;
CREATE TABLE `sys_logininfor`  (
  `info_id` bigint NOT NULL AUTO_INCREMENT COMMENT 'ID',
  `user_name` varchar(50) CHARACTER SET utf8 COLLATE utf8_general_ci NULL DEFAULT '' COMMENT '',
  `ipaddr` varchar(128) CHARACTER SET utf8 COLLATE utf8_general_ci NULL DEFAULT '' COMMENT 'IP',
  `login_location` varchar(255) CHARACTER SET utf8 COLLATE utf8_general_ci NULL DEFAULT '' COMMENT '',
  `browser` varchar(50) CHARACTER SET utf8 COLLATE utf8_general_ci NULL DEFAULT '' COMMENT '',
  `os` varchar(50) CHARACTER SET utf8 COLLATE utf8_general_ci NULL DEFAULT '' COMMENT '',
  `status` char(1) CHARACTER SET utf8 COLLATE utf8_general_ci NULL DEFAULT '0' COMMENT '0 1',
  `msg` varchar(255) CHARACTER SET utf8 COLLATE utf8_general_ci NULL DEFAULT '' COMMENT '',
  `login_time` datetime NULL DEFAULT NULL COMMENT '',
  PRIMARY KEY (`info_id`) USING BTREE,
  INDEX `idx_sys_logininfor_s`(`status` ASC) USING BTREE,
  INDEX `idx_sys_logininfor_lt`(`login_time` ASC) USING BTREE
) ENGINE = InnoDB AUTO_INCREMENT = 3 CHARACTER SET = utf8 COLLATE = utf8_general_ci COMMENT = '' ROW_FORMAT = Dynamic;

-- ----------------------------
-- Records of sys_logininfor
-- ----------------------------
INSERT INTO `sys_logininfor` VALUES (1, '', '192.168.2.107', 'IP', 'Chrome 8', 'Windows 7', '0', '', '2023-11-10 15:15:35');
INSERT INTO `sys_logininfor` VALUES (2, '', '192.168.2.107', 'IP', 'Chrome 8', 'Windows 7', '0', '', '2023-11-10 15:15:44');

-- ----------------------------
-- Table structure for sys_menu
-- ----------------------------
DROP TABLE IF EXISTS `sys_menu`;
CREATE TABLE `sys_menu`  (
  `menu_id` bigint NOT NULL AUTO_INCREMENT COMMENT 'ID',
  `menu_name` varchar(50) CHARACTER SET utf8 COLLATE utf8_general_ci NOT NULL COMMENT '',
  `parent_id` bigint NULL DEFAULT 0 COMMENT 'ID',
  `order_num` int NULL DEFAULT 0 COMMENT '',
  `path` varchar(200) CHARACTER SET utf8 COLLATE utf8_general_ci NULL DEFAULT '' COMMENT '',
  `component` varchar(255) CHARACTER SET utf8 COLLATE utf8_general_ci NULL DEFAULT NULL COMMENT '',
  `query` varchar(255) CHARACTER SET utf8 COLLATE utf8_general_ci NULL DEFAULT NULL COMMENT '',
  `is_frame` int NULL DEFAULT 1 COMMENT '0 1',
  `is_cache` int NULL DEFAULT 0 COMMENT '0 1',
  `menu_type` char(1) CHARACTER SET utf8 COLLATE utf8_general_ci NULL DEFAULT '' COMMENT 'M C F',
  `visible` char(1) CHARACTER SET utf8 COLLATE utf8_general_ci NULL DEFAULT '0' COMMENT '0 1',
  `status` char(1) CHARACTER SET utf8 COLLATE utf8_general_ci NULL DEFAULT '0' COMMENT '0 1',
  `perms` varchar(100) CHARACTER SET utf8 COLLATE utf8_general_ci NULL DEFAULT NULL COMMENT '',
  `icon` varchar(100) CHARACTER SET utf8 COLLATE utf8_general_ci NULL DEFAULT '#' COMMENT '',
  `create_by` varchar(64) CHARACTER SET utf8 COLLATE utf8_general_ci NULL DEFAULT '' COMMENT '',
  `create_time` datetime NULL DEFAULT NULL COMMENT '',
  `update_by` varchar(64) CHARACTER SET utf8 COLLATE utf8_general_ci NULL DEFAULT '' COMMENT '',
  `update_time` datetime NULL DEFAULT NULL COMMENT '',
  `remark` varchar(500) CHARACTER SET utf8 COLLATE utf8_general_ci NULL DEFAULT '' COMMENT '',
  PRIMARY KEY (`menu_id`) USING BTREE
) ENGINE = InnoDB AUTO_INCREMENT = 2010 CHARACTER SET = utf8 COLLATE = utf8_general_ci COMMENT = '' ROW_FORMAT = Dynamic;

-- ----------------------------
-- Records of sys_menu
-- ----------------------------
INSERT INTO `sys_menu` VALUES (1, '', 0, 1, 'system', NULL, '', 1, 0, 'M', '0', '0', '', 'system', 'admin', '2023-09-21 10:56:00', '', NULL, '');
INSERT INTO `sys_menu` VALUES (2, '', 0, 2, 'monitor', NULL, '', 1, 0, 'M', '0', '0', '', 'monitor', 'admin', '2023-09-21 10:56:00', '', NULL, '');
INSERT INTO `sys_menu` VALUES (3, '', 0, 3, 'tool', NULL, '', 1, 0, 'M', '0', '0', '', 'tool', 'admin', '2023-09-21 10:56:00', '', NULL, '');
INSERT INTO `sys_menu` VALUES (100, '', 1, 1, 'user', 'system/user/index', '', 1, 0, 'C', '0', '0', 'system:user:list', 'user', 'admin', '2023-09-21 10:56:00', '', NULL, '');
INSERT INTO `sys_menu` VALUES (101, '', 1, 2, 'role', 'system/role/index', '', 1, 0, 'C', '0', '0', 'system:role:list', 'peoples', 'admin', '2023-09-21 10:56:00', '', NULL, '');
INSERT INTO `sys_menu` VALUES (102, '', 1, 3, 'menu', 'system/menu/index', '', 1, 0, 'C', '0', '0', 'system:menu:list', 'tree-table', 'admin', '2023-09-21 10:56:00', '', NULL, '');
INSERT INTO `sys_menu` VALUES (103, '', 1, 4, 'dept', 'system/dept/index', '', 1, 0, 'C', '0', '0', 'system:dept:list', 'tree', 'admin', '2023-09-21 10:56:00', '', NULL, '');
INSERT INTO `sys_menu` VALUES (104, '', 1, 5, 'post', 'system/post/index', '', 1, 0, 'C', '0', '0', 'system:post:list', 'post', 'admin', '2023-09-21 10:56:00', '', NULL, '');
INSERT INTO `sys_menu` VALUES (105, '', 1, 6, 'dict', 'system/dict/index', '', 1, 0, 'C', '0', '0', 'system:dict:list', 'dict', 'admin', '2023-09-21 10:56:00', '', NULL, '');
INSERT INTO `sys_menu` VALUES (106, '', 1, 7, 'config', 'system/config/index', '', 1, 0, 'C', '0', '0', 'system:config:list', 'edit', 'admin', '2023-09-21 10:56:00', '', NULL, '');
INSERT INTO `sys_menu` VALUES (107, '', 1, 8, 'notice', 'system/notice/index', '', 1, 0, 'C', '0', '0', 'system:notice:list', 'message', 'admin', '2023-09-21 10:56:00', '', NULL, '');
INSERT INTO `sys_menu` VALUES (108, '', 1, 9, 'log', '', '', 1, 0, 'M', '0', '0', '', 'log', 'admin', '2023-09-21 10:56:00', '', NULL, '');
INSERT INTO `sys_menu` VALUES (109, '', 2, 1, 'online', 'monitor/online/index', '', 1, 0, 'C', '0', '0', 'monitor:online:list', 'online', 'admin', '2023-09-21 10:56:00', '', NULL, '');
INSERT INTO `sys_menu` VALUES (110, '', 2, 2, 'job', 'monitor/job/index', '', 1, 0, 'C', '0', '0', 'monitor:job:list', 'job', 'admin', '2023-09-21 10:56:00', '', NULL, '');
INSERT INTO `sys_menu` VALUES (111, '', 2, 3, 'druid', 'monitor/druid/index', '', 1, 0, 'C', '0', '0', 'monitor:druid:list', 'druid', 'admin', '2023-09-21 10:56:00', '', NULL, '');
INSERT INTO `sys_menu` VALUES (112, '', 2, 4, 'server', 'monitor/server/index', '', 1, 0, 'C', '0', '0', 'monitor:server:list', 'server', 'admin', '2023-09-21 10:56:00', '', NULL, '');
INSERT INTO `sys_menu` VALUES (113, '', 2, 5, 'cache', 'monitor/cache/index', '', 1, 0, 'C', '0', '0', 'monitor:cache:list', 'redis', 'admin', '2023-09-21 10:56:00', '', NULL, '');
INSERT INTO `sys_menu` VALUES (114, '', 2, 6, 'cacheList', 'monitor/cache/list', '', 1, 0, 'C', '0', '0', 'monitor:cache:list', 'redis-list', 'admin', '2023-09-21 10:56:00', '', NULL, '');
INSERT INTO `sys_menu` VALUES (115, '', 3, 1, 'build', 'tool/build/index', '', 1, 0, 'C', '0', '0', 'tool:build:list', 'build', 'admin', '2023-09-21 10:56:00', '', NULL, '');
INSERT INTO `sys_menu` VALUES (116, '', 3, 2, 'gen', 'tool/gen/index', '', 1, 0, 'C', '0', '0', 'tool:gen:list', 'code', 'admin', '2023-09-21 10:56:00', '', NULL, '');
INSERT INTO `sys_menu` VALUES (117, '', 3, 3, 'swagger', 'tool/swagger/index', '', 1, 0, 'C', '0', '0', 'tool:swagger:list', 'swagger', 'admin', '2023-09-21 10:56:00', '', NULL, '');
INSERT INTO `sys_menu` VALUES (500, '', 108, 1, 'operlog', 'monitor/operlog/index', '', 1, 0, 'C', '0', '0', 'monitor:operlog:list', 'form', 'admin', '2023-09-21 10:56:00', '', NULL, '');
INSERT INTO `sys_menu` VALUES (501, '', 108, 2, 'logininfor', 'monitor/logininfor/index', '', 1, 0, 'C', '0', '0', 'monitor:logininfor:list', 'logininfor', 'admin', '2023-09-21 10:56:00', '', NULL, '');
INSERT INTO `sys_menu` VALUES (1000, '', 100, 1, '', '', '', 1, 0, 'F', '0', '0', 'system:user:query', '#', 'admin', '2023-09-21 10:56:00', '', NULL, '');
INSERT INTO `sys_menu` VALUES (1001, '', 100, 2, '', '', '', 1, 0, 'F', '0', '0', 'system:user:add', '#', 'admin', '2023-09-21 10:56:00', '', NULL, '');
INSERT INTO `sys_menu` VALUES (1002, '', 100, 3, '', '', '', 1, 0, 'F', '0', '0', 'system:user:edit', '#', 'admin', '2023-09-21 10:56:00', '', NULL, '');
INSERT INTO `sys_menu` VALUES (1003, '', 100, 4, '', '', '', 1, 0, 'F', '0', '0', 'system:user:remove', '#', 'admin', '2023-09-21 10:56:00', '', NULL, '');
INSERT INTO `sys_menu` VALUES (1004, '', 100, 5, '', '', '', 1, 0, 'F', '0', '0', 'system:user:export', '#', 'admin', '2023-09-21 10:56:00', '', NULL, '');
INSERT INTO `sys_menu` VALUES (1005, '', 100, 6, '', '', '', 1, 0, 'F', '0', '0', 'system:user:import', '#', 'admin', '2023-09-21 10:56:00', '', NULL, '');
INSERT INTO `sys_menu` VALUES (1006, '', 100, 7, '', '', '', 1, 0, 'F', '0', '0', 'system:user:resetPwd', '#', 'admin', '2023-09-21 10:56:00', '', NULL, '');
INSERT INTO `sys_menu` VALUES (1007, '', 101, 1, '', '', '', 1, 0, 'F', '0', '0', 'system:role:query', '#', 'admin', '2023-09-21 10:56:00', '', NULL, '');
INSERT INTO `sys_menu` VALUES (1008, '', 101, 2, '', '', '', 1, 0, 'F', '0', '0', 'system:role:add', '#', 'admin', '2023-09-21 10:56:00', '', NULL, '');
INSERT INTO `sys_menu` VALUES (1009, '', 101, 3, '', '', '', 1, 0, 'F', '0', '0', 'system:role:edit', '#', 'admin', '2023-09-21 10:56:00', '', NULL, '');
INSERT INTO `sys_menu` VALUES (1010, '', 101, 4, '', '', '', 1, 0, 'F', '0', '0', 'system:role:remove', '#', 'admin', '2023-09-21 10:56:00', '', NULL, '');
INSERT INTO `sys_menu` VALUES (1011, '', 101, 5, '', '', '', 1, 0, 'F', '0', '0', 'system:role:export', '#', 'admin', '2023-09-21 10:56:00', '', NULL, '');
INSERT INTO `sys_menu` VALUES (1012, '', 102, 1, '', '', '', 1, 0, 'F', '0', '0', 'system:menu:query', '#', 'admin', '2023-09-21 10:56:00', '', NULL, '');
INSERT INTO `sys_menu` VALUES (1013, '', 102, 2, '', '', '', 1, 0, 'F', '0', '0', 'system:menu:add', '#', 'admin', '2023-09-21 10:56:00', '', NULL, '');
INSERT INTO `sys_menu` VALUES (1014, '', 102, 3, '', '', '', 1, 0, 'F', '0', '0', 'system:menu:edit', '#', 'admin', '2023-09-21 10:56:00', '', NULL, '');
INSERT INTO `sys_menu` VALUES (1015, '', 102, 4, '', '', '', 1, 0, 'F', '0', '0', 'system:menu:remove', '#', 'admin', '2023-09-21 10:56:00', '', NULL, '');
INSERT INTO `sys_menu` VALUES (1016, '', 103, 1, '', '', '', 1, 0, 'F', '0', '0', 'system:dept:query', '#', 'admin', '2023-09-21 10:56:00', '', NULL, '');
INSERT INTO `sys_menu` VALUES (1017, '', 103, 2, '', '', '', 1, 0, 'F', '0', '0', 'system:dept:add', '#', 'admin', '2023-09-21 10:56:00', '', NULL, '');
INSERT INTO `sys_menu` VALUES (1018, '', 103, 3, '', '', '', 1, 0, 'F', '0', '0', 'system:dept:edit', '#', 'admin', '2023-09-21 10:56:00', '', NULL, '');
INSERT INTO `sys_menu` VALUES (1019, '', 103, 4, '', '', '', 1, 0, 'F', '0', '0', 'system:dept:remove', '#', 'admin', '2023-09-21 10:56:00', '', NULL, '');
INSERT INTO `sys_menu` VALUES (1020, '', 104, 1, '', '', '', 1, 0, 'F', '0', '0', 'system:post:query', '#', 'admin', '2023-09-21 10:56:00', '', NULL, '');
INSERT INTO `sys_menu` VALUES (1021, '', 104, 2, '', '', '', 1, 0, 'F', '0', '0', 'system:post:add', '#', 'admin', '2023-09-21 10:56:00', '', NULL, '');
INSERT INTO `sys_menu` VALUES (1022, '', 104, 3, '', '', '', 1, 0, 'F', '0', '0', 'system:post:edit', '#', 'admin', '2023-09-21 10:56:00', '', NULL, '');
INSERT INTO `sys_menu` VALUES (1023, '', 104, 4, '', '', '', 1, 0, 'F', '0', '0', 'system:post:remove', '#', 'admin', '2023-09-21 10:56:00', '', NULL, '');
INSERT INTO `sys_menu` VALUES (1024, '', 104, 5, '', '', '', 1, 0, 'F', '0', '0', 'system:post:export', '#', 'admin', '2023-09-21 10:56:00', '', NULL, '');
INSERT INTO `sys_menu` VALUES (1025, '', 105, 1, '#', '', '', 1, 0, 'F', '0', '0', 'system:dict:query', '#', 'admin', '2023-09-21 10:56:00', '', NULL, '');
INSERT INTO `sys_menu` VALUES (1026, '', 105, 2, '#', '', '', 1, 0, 'F', '0', '0', 'system:dict:add', '#', 'admin', '2023-09-21 10:56:00', '', NULL, '');
INSERT INTO `sys_menu` VALUES (1027, '', 105, 3, '#', '', '', 1, 0, 'F', '0', '0', 'system:dict:edit', '#', 'admin', '2023-09-21 10:56:00', '', NULL, '');
INSERT INTO `sys_menu` VALUES (1028, '', 105, 4, '#', '', '', 1, 0, 'F', '0', '0', 'system:dict:remove', '#', 'admin', '2023-09-21 10:56:00', '', NULL, '');
INSERT INTO `sys_menu` VALUES (1029, '', 105, 5, '#', '', '', 1, 0, 'F', '0', '0', 'system:dict:export', '#', 'admin', '2023-09-21 10:56:00', '', NULL, '');
INSERT INTO `sys_menu` VALUES (1030, '', 106, 1, '#', '', '', 1, 0, 'F', '0', '0', 'system:config:query', '#', 'admin', '2023-09-21 10:56:00', '', NULL, '');
INSERT INTO `sys_menu` VALUES (1031, '', 106, 2, '#', '', '', 1, 0, 'F', '0', '0', 'system:config:add', '#', 'admin', '2023-09-21 10:56:00', '', NULL, '');
INSERT INTO `sys_menu` VALUES (1032, '', 106, 3, '#', '', '', 1, 0, 'F', '0', '0', 'system:config:edit', '#', 'admin', '2023-09-21 10:56:00', '', NULL, '');
INSERT INTO `sys_menu` VALUES (1033, '', 106, 4, '#', '', '', 1, 0, 'F', '0', '0', 'system:config:remove', '#', 'admin', '2023-09-21 10:56:00', '', NULL, '');
INSERT INTO `sys_menu` VALUES (1034, '', 106, 5, '#', '', '', 1, 0, 'F', '0', '0', 'system:config:export', '#', 'admin', '2023-09-21 10:56:00', '', NULL, '');
INSERT INTO `sys_menu` VALUES (1035, '', 107, 1, '#', '', '', 1, 0, 'F', '0', '0', 'system:notice:query', '#', 'admin', '2023-09-21 10:56:00', '', NULL, '');
INSERT INTO `sys_menu` VALUES (1036, '', 107, 2, '#', '', '', 1, 0, 'F', '0', '0', 'system:notice:add', '#', 'admin', '2023-09-21 10:56:00', '', NULL, '');
INSERT INTO `sys_menu` VALUES (1037, '', 107, 3, '#', '', '', 1, 0, 'F', '0', '0', 'system:notice:edit', '#', 'admin', '2023-09-21 10:56:00', '', NULL, '');
INSERT INTO `sys_menu` VALUES (1038, '', 107, 4, '#', '', '', 1, 0, 'F', '0', '0', 'system:notice:remove', '#', 'admin', '2023-09-21 10:56:00', '', NULL, '');
INSERT INTO `sys_menu` VALUES (1039, '', 500, 1, '#', '', '', 1, 0, 'F', '0', '0', 'monitor:operlog:query', '#', 'admin', '2023-09-21 10:56:00', '', NULL, '');
INSERT INTO `sys_menu` VALUES (1040, '', 500, 2, '#', '', '', 1, 0, 'F', '0', '0', 'monitor:operlog:remove', '#', 'admin', '2023-09-21 10:56:00', '', NULL, '');
INSERT INTO `sys_menu` VALUES (1041, '', 500, 3, '#', '', '', 1, 0, 'F', '0', '0', 'monitor:operlog:export', '#', 'admin', '2023-09-21 10:56:00', '', NULL, '');
INSERT INTO `sys_menu` VALUES (1042, '', 501, 1, '#', '', '', 1, 0, 'F', '0', '0', 'monitor:logininfor:query', '#', 'admin', '2023-09-21 10:56:00', '', NULL, '');
INSERT INTO `sys_menu` VALUES (1043, '', 501, 2, '#', '', '', 1, 0, 'F', '0', '0', 'monitor:logininfor:remove', '#', 'admin', '2023-09-21 10:56:00', '', NULL, '');
INSERT INTO `sys_menu` VALUES (1044, '', 501, 3, '#', '', '', 1, 0, 'F', '0', '0', 'monitor:logininfor:export', '#', 'admin', '2023-09-21 10:56:00', '', NULL, '');
INSERT INTO `sys_menu` VALUES (1045, '', 501, 4, '#', '', '', 1, 0, 'F', '0', '0', 'monitor:logininfor:unlock', '#', 'admin', '2023-09-21 10:56:00', '', NULL, '');
INSERT INTO `sys_menu` VALUES (1046, '', 109, 1, '#', '', '', 1, 0, 'F', '0', '0', 'monitor:online:query', '#', 'admin', '2023-09-21 10:56:00', '', NULL, '');
INSERT INTO `sys_menu` VALUES (1047, '', 109, 2, '#', '', '', 1, 0, 'F', '0', '0', 'monitor:online:batchLogout', '#', 'admin', '2023-09-21 10:56:00', '', NULL, '');
INSERT INTO `sys_menu` VALUES (1048, '', 109, 3, '#', '', '', 1, 0, 'F', '0', '0', 'monitor:online:forceLogout', '#', 'admin', '2023-09-21 10:56:00', '', NULL, '');
INSERT INTO `sys_menu` VALUES (1049, '', 110, 1, '#', '', '', 1, 0, 'F', '0', '0', 'monitor:job:query', '#', 'admin', '2023-09-21 10:56:00', '', NULL, '');
INSERT INTO `sys_menu` VALUES (1050, '', 110, 2, '#', '', '', 1, 0, 'F', '0', '0', 'monitor:job:add', '#', 'admin', '2023-09-21 10:56:00', '', NULL, '');
INSERT INTO `sys_menu` VALUES (1051, '', 110, 3, '#', '', '', 1, 0, 'F', '0', '0', 'monitor:job:edit', '#', 'admin', '2023-09-21 10:56:00', '', NULL, '');
INSERT INTO `sys_menu` VALUES (1052, '', 110, 4, '#', '', '', 1, 0, 'F', '0', '0', 'monitor:job:remove', '#', 'admin', '2023-09-21 10:56:00', '', NULL, '');
INSERT INTO `sys_menu` VALUES (1053, '', 110, 5, '#', '', '', 1, 0, 'F', '0', '0', 'monitor:job:changeStatus', '#', 'admin', '2023-09-21 10:56:00', '', NULL, '');
INSERT INTO `sys_menu` VALUES (1054, '', 110, 6, '#', '', '', 1, 0, 'F', '0', '0', 'monitor:job:export', '#', 'admin', '2023-09-21 10:56:00', '', NULL, '');
INSERT INTO `sys_menu` VALUES (1055, '', 116, 1, '#', '', '', 1, 0, 'F', '0', '0', 'tool:gen:query', '#', 'admin', '2023-09-21 10:56:00', '', NULL, '');
INSERT INTO `sys_menu` VALUES (1056, '', 116, 2, '#', '', '', 1, 0, 'F', '0', '0', 'tool:gen:edit', '#', 'admin', '2023-09-21 10:56:00', '', NULL, '');
INSERT INTO `sys_menu` VALUES (1057, '', 116, 3, '#', '', '', 1, 0, 'F', '0', '0', 'tool:gen:remove', '#', 'admin', '2023-09-21 10:56:00', '', NULL, '');
INSERT INTO `sys_menu` VALUES (1058, '', 116, 4, '#', '', '', 1, 0, 'F', '0', '0', 'tool:gen:import', '#', 'admin', '2023-09-21 10:56:00', '', NULL, '');
INSERT INTO `sys_menu` VALUES (1059, '', 116, 5, '#', '', '', 1, 0, 'F', '0', '0', 'tool:gen:preview', '#', 'admin', '2023-09-21 10:56:00', '', NULL, '');
INSERT INTO `sys_menu` VALUES (1060, '', 116, 6, '#', '', '', 1, 0, 'F', '0', '0', 'tool:gen:code', '#', 'admin', '2023-09-21 10:56:00', '', NULL, '');
INSERT INTO `sys_menu` VALUES (2000, '', 0, 5, 'inventory', NULL, NULL, 1, 0, 'M', '0', '0', '', '404', 'admin', '2023-09-21 10:58:16', 'admin', '2023-10-22 18:24:42', '');
INSERT INTO `sys_menu` VALUES (2001, '', 2000, 1, 'inventoryManagement', 'business/inventory/inventoryManagement', NULL, 1, 0, 'C', '0', '0', 'inventory:inventoryManagement:list', '404', 'admin', '2023-09-21 10:58:56', 'admin', '2023-10-22 18:25:56', '');
INSERT INTO `sys_menu` VALUES (2002, '', 2000, 2, 'outboundRecords', 'business/inventory/outboundRecords', NULL, 1, 0, 'C', '0', '0', 'inventory:outboundsRecords:list', '404', 'admin', '2023-09-21 14:07:08', 'admin', '2023-10-22 18:49:29', '');
INSERT INTO `sys_menu` VALUES (2003, '', 2000, 3, 'inboundRecords', 'business/inventory/inboundRecords', NULL, 1, 0, 'C', '0', '0', 'inventory:inboundRecords:list', '404', 'admin', '2023-09-21 14:07:35', 'admin', '2023-10-22 18:31:15', '');
INSERT INTO `sys_menu` VALUES (2006, '', 0, 6, 'flow', NULL, NULL, 1, 0, 'M', '0', '0', NULL, 'build', 'admin', '2023-10-30 15:29:30', '', NULL, '');
INSERT INTO `sys_menu` VALUES (2007, '', 2006, 1, 'ToDoFlow', 'flow/ToDoFlow', '', 1, 0, 'C', '0', '0', '', 'build', 'admin', '2023-10-30 15:30:36', 'admin', '2023-10-30 15:32:39', '');
INSERT INTO `sys_menu` VALUES (2008, '', 0, 7, 'garage', NULL, NULL, 1, 0, 'M', '0', '0', '', 'button', 'admin', '2023-11-02 09:59:26', 'admin', '2023-11-10 09:09:03', '');
INSERT INTO `sys_menu` VALUES (2009, '', 2008, 1, 'garagePrice', 'garage/garagePrice', NULL, 1, 0, 'C', '0', '0', '', 'button', 'admin', '2023-11-02 10:00:28', 'admin', '2023-11-10 09:08:46', '');

-- ----------------------------
-- Table structure for sys_notice
-- ----------------------------
DROP TABLE IF EXISTS `sys_notice`;
CREATE TABLE `sys_notice`  (
  `notice_id` int NOT NULL AUTO_INCREMENT COMMENT 'ID',
  `notice_title` varchar(50) CHARACTER SET utf8 COLLATE utf8_general_ci NOT NULL COMMENT '',
  `notice_type` char(1) CHARACTER SET utf8 COLLATE utf8_general_ci NOT NULL COMMENT '1 2',
  `notice_content` longblob NULL COMMENT '',
  `status` char(1) CHARACTER SET utf8 COLLATE utf8_general_ci NULL DEFAULT '0' COMMENT '0 1',
  `create_by` varchar(64) CHARACTER SET utf8 COLLATE utf8_general_ci NULL DEFAULT '' COMMENT '',
  `create_time` datetime NULL DEFAULT NULL COMMENT '',
  `update_by` varchar(64) CHARACTER SET utf8 COLLATE utf8_general_ci NULL DEFAULT '' COMMENT '',
  `update_time` datetime NULL DEFAULT NULL COMMENT '',
  `remark` varchar(255) CHARACTER SET utf8 COLLATE utf8_general_ci NULL DEFAULT NULL COMMENT '',
  PRIMARY KEY (`notice_id`) USING BTREE
) ENGINE = InnoDB AUTO_INCREMENT = 10 CHARACTER SET = utf8 COLLATE = utf8_general_ci COMMENT = '' ROW_FORMAT = Dynamic;

-- ----------------------------
-- Records of sys_notice
-- ----------------------------

-- ----------------------------
-- Table structure for sys_oper_log
-- ----------------------------
DROP TABLE IF EXISTS `sys_oper_log`;
CREATE TABLE `sys_oper_log`  (
  `oper_id` bigint NOT NULL AUTO_INCREMENT COMMENT '',
  `title` varchar(50) CHARACTER SET utf8 COLLATE utf8_general_ci NULL DEFAULT '' COMMENT '',
  `business_type` int NULL DEFAULT 0 COMMENT '0 1 2 3',
  `method` varchar(100) CHARACTER SET utf8 COLLATE utf8_general_ci NULL DEFAULT '' COMMENT '',
  `request_method` varchar(10) CHARACTER SET utf8 COLLATE utf8_general_ci NULL DEFAULT '' COMMENT '',
  `operator_type` int NULL DEFAULT 0 COMMENT '0 1 2',
  `oper_name` varchar(50) CHARACTER SET utf8 COLLATE utf8_general_ci NULL DEFAULT '' COMMENT '',
  `dept_name` varchar(50) CHARACTER SET utf8 COLLATE utf8_general_ci NULL DEFAULT '' COMMENT '',
  `oper_url` varchar(255) CHARACTER SET utf8 COLLATE utf8_general_ci NULL DEFAULT '' COMMENT 'URL',
  `oper_ip` varchar(128) CHARACTER SET utf8 COLLATE utf8_general_ci NULL DEFAULT '' COMMENT '',
  `oper_location` varchar(255) CHARACTER SET utf8 COLLATE utf8_general_ci NULL DEFAULT '' COMMENT '',
  `oper_param` varchar(2000) CHARACTER SET utf8 COLLATE utf8_general_ci NULL DEFAULT '' COMMENT '',
  `json_result` varchar(2000) CHARACTER SET utf8 COLLATE utf8_general_ci NULL DEFAULT '' COMMENT '',
  `status` int NULL DEFAULT 0 COMMENT '0 1',
  `error_msg` varchar(2000) CHARACTER SET utf8 COLLATE utf8_general_ci NULL DEFAULT '' COMMENT '',
  `oper_time` datetime NULL DEFAULT NULL COMMENT '',
  `cost_time` bigint NULL DEFAULT 0 COMMENT '',
  PRIMARY KEY (`oper_id`) USING BTREE,
  INDEX `idx_sys_oper_log_bt`(`business_type` ASC) USING BTREE,
  INDEX `idx_sys_oper_log_s`(`status` ASC) USING BTREE,
  INDEX `idx_sys_oper_log_ot`(`oper_time` ASC) USING BTREE
) ENGINE = InnoDB AUTO_INCREMENT = 3 CHARACTER SET = utf8 COLLATE = utf8_general_ci COMMENT = '' ROW_FORMAT = Dynamic;

-- ----------------------------
-- Records of sys_oper_log
-- ----------------------------
INSERT INTO `sys_oper_log` VALUES (1, '', 9, 'com.xzt.web.controller.monitor.SysOperlogController.clean()', 'DELETE', 1, 'admin', NULL, '/monitor/operlog/clean', '127.0.0.1', 'IP', '{}', '{\"msg\":\"\",\"code\":200}', 0, NULL, '2023-11-10 13:48:18', 71);
INSERT INTO `sys_oper_log` VALUES (2, '', 9, 'com.xzt.web.controller.monitor.SysLogininforController.clean()', 'DELETE', 1, 'admin', NULL, '/monitor/logininfor/clean', '127.0.0.1', 'IP', '{}', '{\"msg\":\"\",\"code\":200}', 0, NULL, '2023-11-10 13:48:23', 35);

-- ----------------------------
-- Table structure for sys_post
-- ----------------------------
DROP TABLE IF EXISTS `sys_post`;
CREATE TABLE `sys_post`  (
  `post_id` bigint NOT NULL AUTO_INCREMENT COMMENT 'ID',
  `post_code` varchar(64) CHARACTER SET utf8 COLLATE utf8_general_ci NOT NULL COMMENT '',
  `post_name` varchar(50) CHARACTER SET utf8 COLLATE utf8_general_ci NOT NULL COMMENT '',
  `post_sort` int NOT NULL COMMENT '',
  `status` char(1) CHARACTER SET utf8 COLLATE utf8_general_ci NOT NULL COMMENT '0 1',
  `create_by` varchar(64) CHARACTER SET utf8 COLLATE utf8_general_ci NULL DEFAULT '' COMMENT '',
  `create_time` datetime NULL DEFAULT NULL COMMENT '',
  `update_by` varchar(64) CHARACTER SET utf8 COLLATE utf8_general_ci NULL DEFAULT '' COMMENT '',
  `update_time` datetime NULL DEFAULT NULL COMMENT '',
  `remark` varchar(500) CHARACTER SET utf8 COLLATE utf8_general_ci NULL DEFAULT NULL COMMENT '',
  PRIMARY KEY (`post_id`) USING BTREE
) ENGINE = InnoDB AUTO_INCREMENT = 5 CHARACTER SET = utf8 COLLATE = utf8_general_ci COMMENT = '' ROW_FORMAT = Dynamic;

-- ----------------------------
-- Records of sys_post
-- ----------------------------
INSERT INTO `sys_post` VALUES (1, 'ceo', '', 1, '0', 'admin', '2023-09-21 10:56:00', '', NULL, '');
INSERT INTO `sys_post` VALUES (2, 'se', '', 2, '0', 'admin', '2023-09-21 10:56:00', '', NULL, '');
INSERT INTO `sys_post` VALUES (3, 'hr', '', 3, '0', 'admin', '2023-09-21 10:56:00', '', NULL, '');
INSERT INTO `sys_post` VALUES (4, 'user', '', 4, '0', 'admin', '2023-09-21 10:56:00', '', NULL, '');

-- ----------------------------
-- Table structure for sys_role
-- ----------------------------
DROP TABLE IF EXISTS `sys_role`;
CREATE TABLE `sys_role`  (
  `role_id` bigint NOT NULL AUTO_INCREMENT COMMENT 'ID',
  `role_name` varchar(30) CHARACTER SET utf8 COLLATE utf8_general_ci NOT NULL COMMENT '',
  `role_key` varchar(100) CHARACTER SET utf8 COLLATE utf8_general_ci NOT NULL COMMENT '',
  `role_sort` int NOT NULL COMMENT '',
  `data_scope` char(1) CHARACTER SET utf8 COLLATE utf8_general_ci NULL DEFAULT '1' COMMENT '1 2 3 4',
  `menu_check_strictly` tinyint(1) NULL DEFAULT 1 COMMENT '',
  `dept_check_strictly` tinyint(1) NULL DEFAULT 1 COMMENT '',
  `status` char(1) CHARACTER SET utf8 COLLATE utf8_general_ci NOT NULL COMMENT '0 1',
  `del_flag` char(1) CHARACTER SET utf8 COLLATE utf8_general_ci NULL DEFAULT '0' COMMENT '0 2',
  `create_by` varchar(64) CHARACTER SET utf8 COLLATE utf8_general_ci NULL DEFAULT '' COMMENT '',
  `create_time` datetime NULL DEFAULT NULL COMMENT '',
  `update_by` varchar(64) CHARACTER SET utf8 COLLATE utf8_general_ci NULL DEFAULT '' COMMENT '',
  `update_time` datetime NULL DEFAULT NULL COMMENT '',
  `remark` varchar(500) CHARACTER SET utf8 COLLATE utf8_general_ci NULL DEFAULT NULL COMMENT '',
  PRIMARY KEY (`role_id`) USING BTREE
) ENGINE = InnoDB AUTO_INCREMENT = 102 CHARACTER SET = utf8 COLLATE = utf8_general_ci COMMENT = '' ROW_FORMAT = Dynamic;

-- ----------------------------
-- Records of sys_role
-- ----------------------------
INSERT INTO `sys_role` VALUES (1, '', 'admin', 1, '1', 1, 1, '0', '0', 'admin', '2023-09-21 10:56:00', '', NULL, '');
INSERT INTO `sys_role` VALUES (2, '', 'common', 2, '2', 1, 0, '0', '0', 'admin', '2023-09-21 10:56:00', 'admin', '2023-11-10 13:07:18', '');
INSERT INTO `sys_role` VALUES (100, '', 'first', 2, '1', 1, 1, '0', '0', 'admin', '2023-10-30 11:24:57', 'admin', '2023-11-10 13:07:26', NULL);
INSERT INTO `sys_role` VALUES (101, '', 'two', 3, '1', 1, 1, '0', '0', 'admin', '2023-10-30 11:25:14', 'admin', '2023-11-10 13:07:32', NULL);

-- ----------------------------
-- Table structure for sys_role_dept
-- ----------------------------
DROP TABLE IF EXISTS `sys_role_dept`;
CREATE TABLE `sys_role_dept`  (
  `role_id` bigint NOT NULL COMMENT 'ID',
  `dept_id` bigint NOT NULL COMMENT 'ID',
  PRIMARY KEY (`role_id`, `dept_id`) USING BTREE
) ENGINE = InnoDB CHARACTER SET = utf8 COLLATE = utf8_general_ci COMMENT = '' ROW_FORMAT = Dynamic;

-- ----------------------------
-- Records of sys_role_dept
-- ----------------------------
INSERT INTO `sys_role_dept` VALUES (2, 100);
INSERT INTO `sys_role_dept` VALUES (2, 101);
INSERT INTO `sys_role_dept` VALUES (2, 105);

-- ----------------------------
-- Table structure for sys_role_menu
-- ----------------------------
DROP TABLE IF EXISTS `sys_role_menu`;
CREATE TABLE `sys_role_menu`  (
  `role_id` bigint NOT NULL COMMENT 'ID',
  `menu_id` bigint NOT NULL COMMENT 'ID',
  PRIMARY KEY (`role_id`, `menu_id`) USING BTREE
) ENGINE = InnoDB CHARACTER SET = utf8 COLLATE = utf8_general_ci COMMENT = '' ROW_FORMAT = Dynamic;

-- ----------------------------
-- Records of sys_role_menu
-- ----------------------------
INSERT INTO `sys_role_menu` VALUES (2, 100);
INSERT INTO `sys_role_menu` VALUES (2, 101);
INSERT INTO `sys_role_menu` VALUES (2, 102);
INSERT INTO `sys_role_menu` VALUES (2, 103);
INSERT INTO `sys_role_menu` VALUES (2, 104);
INSERT INTO `sys_role_menu` VALUES (2, 105);
INSERT INTO `sys_role_menu` VALUES (2, 106);
INSERT INTO `sys_role_menu` VALUES (2, 107);
INSERT INTO `sys_role_menu` VALUES (2, 108);
INSERT INTO `sys_role_menu` VALUES (2, 109);
INSERT INTO `sys_role_menu` VALUES (2, 110);
INSERT INTO `sys_role_menu` VALUES (2, 111);
INSERT INTO `sys_role_menu` VALUES (2, 112);
INSERT INTO `sys_role_menu` VALUES (2, 113);
INSERT INTO `sys_role_menu` VALUES (2, 114);
INSERT INTO `sys_role_menu` VALUES (2, 115);
INSERT INTO `sys_role_menu` VALUES (2, 116);
INSERT INTO `sys_role_menu` VALUES (2, 117);
INSERT INTO `sys_role_menu` VALUES (2, 500);
INSERT INTO `sys_role_menu` VALUES (2, 501);
INSERT INTO `sys_role_menu` VALUES (2, 1000);
INSERT INTO `sys_role_menu` VALUES (2, 1001);
INSERT INTO `sys_role_menu` VALUES (2, 1002);
INSERT INTO `sys_role_menu` VALUES (2, 1003);
INSERT INTO `sys_role_menu` VALUES (2, 1004);
INSERT INTO `sys_role_menu` VALUES (2, 1005);
INSERT INTO `sys_role_menu` VALUES (2, 1006);
INSERT INTO `sys_role_menu` VALUES (2, 1007);
INSERT INTO `sys_role_menu` VALUES (2, 1008);
INSERT INTO `sys_role_menu` VALUES (2, 1009);
INSERT INTO `sys_role_menu` VALUES (2, 1010);
INSERT INTO `sys_role_menu` VALUES (2, 1011);
INSERT INTO `sys_role_menu` VALUES (2, 1012);
INSERT INTO `sys_role_menu` VALUES (2, 1013);
INSERT INTO `sys_role_menu` VALUES (2, 1014);
INSERT INTO `sys_role_menu` VALUES (2, 1015);
INSERT INTO `sys_role_menu` VALUES (2, 1016);
INSERT INTO `sys_role_menu` VALUES (2, 1017);
INSERT INTO `sys_role_menu` VALUES (2, 1018);
INSERT INTO `sys_role_menu` VALUES (2, 1019);
INSERT INTO `sys_role_menu` VALUES (2, 1020);
INSERT INTO `sys_role_menu` VALUES (2, 1021);
INSERT INTO `sys_role_menu` VALUES (2, 1022);
INSERT INTO `sys_role_menu` VALUES (2, 1023);
INSERT INTO `sys_role_menu` VALUES (2, 1024);
INSERT INTO `sys_role_menu` VALUES (2, 1025);
INSERT INTO `sys_role_menu` VALUES (2, 1026);
INSERT INTO `sys_role_menu` VALUES (2, 1027);
INSERT INTO `sys_role_menu` VALUES (2, 1028);
INSERT INTO `sys_role_menu` VALUES (2, 1029);
INSERT INTO `sys_role_menu` VALUES (2, 1030);
INSERT INTO `sys_role_menu` VALUES (2, 1031);
INSERT INTO `sys_role_menu` VALUES (2, 1032);
INSERT INTO `sys_role_menu` VALUES (2, 1033);
INSERT INTO `sys_role_menu` VALUES (2, 1034);
INSERT INTO `sys_role_menu` VALUES (2, 1035);
INSERT INTO `sys_role_menu` VALUES (2, 1036);
INSERT INTO `sys_role_menu` VALUES (2, 1037);
INSERT INTO `sys_role_menu` VALUES (2, 1038);
INSERT INTO `sys_role_menu` VALUES (2, 1039);
INSERT INTO `sys_role_menu` VALUES (2, 1040);
INSERT INTO `sys_role_menu` VALUES (2, 1041);
INSERT INTO `sys_role_menu` VALUES (2, 1042);
INSERT INTO `sys_role_menu` VALUES (2, 1043);
INSERT INTO `sys_role_menu` VALUES (2, 1044);
INSERT INTO `sys_role_menu` VALUES (2, 1045);
INSERT INTO `sys_role_menu` VALUES (2, 1046);
INSERT INTO `sys_role_menu` VALUES (2, 1047);
INSERT INTO `sys_role_menu` VALUES (2, 1048);
INSERT INTO `sys_role_menu` VALUES (2, 1049);
INSERT INTO `sys_role_menu` VALUES (2, 1050);
INSERT INTO `sys_role_menu` VALUES (2, 1051);
INSERT INTO `sys_role_menu` VALUES (2, 1052);
INSERT INTO `sys_role_menu` VALUES (2, 1053);
INSERT INTO `sys_role_menu` VALUES (2, 1054);
INSERT INTO `sys_role_menu` VALUES (2, 1055);
INSERT INTO `sys_role_menu` VALUES (2, 1056);
INSERT INTO `sys_role_menu` VALUES (2, 1057);
INSERT INTO `sys_role_menu` VALUES (2, 1058);
INSERT INTO `sys_role_menu` VALUES (2, 1059);
INSERT INTO `sys_role_menu` VALUES (2, 1060);
INSERT INTO `sys_role_menu` VALUES (2, 2000);
INSERT INTO `sys_role_menu` VALUES (2, 2001);
INSERT INTO `sys_role_menu` VALUES (2, 2002);
INSERT INTO `sys_role_menu` VALUES (2, 2003);
INSERT INTO `sys_role_menu` VALUES (2, 2008);
INSERT INTO `sys_role_menu` VALUES (2, 2009);
INSERT INTO `sys_role_menu` VALUES (100, 2000);
INSERT INTO `sys_role_menu` VALUES (100, 2001);
INSERT INTO `sys_role_menu` VALUES (100, 2002);
INSERT INTO `sys_role_menu` VALUES (100, 2003);
INSERT INTO `sys_role_menu` VALUES (100, 2006);
INSERT INTO `sys_role_menu` VALUES (100, 2007);
INSERT INTO `sys_role_menu` VALUES (100, 2008);
INSERT INTO `sys_role_menu` VALUES (100, 2009);
INSERT INTO `sys_role_menu` VALUES (101, 2000);
INSERT INTO `sys_role_menu` VALUES (101, 2001);
INSERT INTO `sys_role_menu` VALUES (101, 2002);
INSERT INTO `sys_role_menu` VALUES (101, 2003);
INSERT INTO `sys_role_menu` VALUES (101, 2006);
INSERT INTO `sys_role_menu` VALUES (101, 2007);
INSERT INTO `sys_role_menu` VALUES (101, 2008);
INSERT INTO `sys_role_menu` VALUES (101, 2009);

-- ----------------------------
-- Table structure for sys_user
-- ----------------------------
DROP TABLE IF EXISTS `sys_user`;
CREATE TABLE `sys_user`  (
  `user_id` bigint NOT NULL AUTO_INCREMENT COMMENT 'ID',
  `dept_id` bigint NULL DEFAULT NULL COMMENT 'ID',
  `user_name` varchar(30) CHARACTER SET utf8 COLLATE utf8_general_ci NOT NULL COMMENT '',
  `nick_name` varchar(30) CHARACTER SET utf8 COLLATE utf8_general_ci NOT NULL COMMENT '',
  `user_type` varchar(2) CHARACTER SET utf8 COLLATE utf8_general_ci NULL DEFAULT '00' COMMENT '00',
  `email` varchar(50) CHARACTER SET utf8 COLLATE utf8_general_ci NULL DEFAULT '' COMMENT '',
  `phonenumber` varchar(11) CHARACTER SET utf8 COLLATE utf8_general_ci NULL DEFAULT '' COMMENT '',
  `sex` char(1) CHARACTER SET utf8 COLLATE utf8_general_ci NULL DEFAULT '0' COMMENT '0 1 2',
  `avatar` varchar(100) CHARACTER SET utf8 COLLATE utf8_general_ci NULL DEFAULT '' COMMENT '',
  `password` varchar(100) CHARACTER SET utf8 COLLATE utf8_general_ci NULL DEFAULT '' COMMENT '',
  `status` char(1) CHARACTER SET utf8 COLLATE utf8_general_ci NULL DEFAULT '0' COMMENT '0 1',
  `del_flag` char(1) CHARACTER SET utf8 COLLATE utf8_general_ci NULL DEFAULT '0' COMMENT '0 2',
  `login_ip` varchar(128) CHARACTER SET utf8 COLLATE utf8_general_ci NULL DEFAULT '' COMMENT 'IP',
  `login_date` datetime NULL DEFAULT NULL COMMENT '',
  `create_by` varchar(64) CHARACTER SET utf8 COLLATE utf8_general_ci NULL DEFAULT '' COMMENT '',
  `create_time` datetime NULL DEFAULT NULL COMMENT '',
  `update_by` varchar(64) CHARACTER SET utf8 COLLATE utf8_general_ci NULL DEFAULT '' COMMENT '',
  `update_time` datetime NULL DEFAULT NULL COMMENT '',
  `remark` varchar(500) CHARACTER SET utf8 COLLATE utf8_general_ci NULL DEFAULT NULL COMMENT '',
  PRIMARY KEY (`user_id`) USING BTREE
) ENGINE = InnoDB AUTO_INCREMENT = 105 CHARACTER SET = utf8 COLLATE = utf8_general_ci COMMENT = '' ROW_FORMAT = Dynamic;

-- ----------------------------
-- Records of sys_user
-- ----------------------------
INSERT INTO `sys_user` VALUES (1, 103, 'admin', '', '00', 'ry@163.com', '15888888888', '0', '', '$2a$10$0jo0WWD3zcC2Wa63GNpQluOkFxlwF9H06uALGodp6xn3WZq3z11hC', '0', '0', '127.0.0.1', '2023-11-10 13:46:40', 'admin', '2023-09-21 10:56:00', '', '2023-11-10 13:46:40', '');
INSERT INTO `sys_user` VALUES (102, NULL, '', '', '00', '', '', '0', '', '$2a$10$8FQaWZMx5sfzsTfDzES33ucYNFe18i99NPi5ErdXaDB4b1c2GfBFm', '0', '0', '192.168.2.107', '2023-11-10 15:15:45', 'admin', '2023-11-10 11:10:52', '', '2023-11-10 15:15:44', NULL);
INSERT INTO `sys_user` VALUES (103, NULL, '', '', '00', '', '', '0', '', '$2a$10$Px7Q1UcfjtJmbdpv/mzeM.INTz7NHF/XP3OFiUxoky8ACDh/PpCL2', '0', '0', '192.168.2.107', '2023-11-10 11:16:00', 'admin', '2023-11-10 11:11:10', '', '2023-11-10 11:15:59', NULL);
INSERT INTO `sys_user` VALUES (104, NULL, '', '', '00', '', '', '0', '', '$2a$10$ycnDXoPcrplwz9hRxY4mSeKLXKiPrIwdzNps6gHa88l8beTswVETi', '0', '0', '', NULL, 'admin', '2023-11-10 11:11:25', '', NULL, NULL);

-- ----------------------------
-- Table structure for sys_user_post
-- ----------------------------
DROP TABLE IF EXISTS `sys_user_post`;
CREATE TABLE `sys_user_post`  (
  `user_id` bigint NOT NULL COMMENT 'ID',
  `post_id` bigint NOT NULL COMMENT 'ID',
  PRIMARY KEY (`user_id`, `post_id`) USING BTREE
) ENGINE = InnoDB CHARACTER SET = utf8 COLLATE = utf8_general_ci COMMENT = '' ROW_FORMAT = Dynamic;

-- ----------------------------
-- Records of sys_user_post
-- ----------------------------
INSERT INTO `sys_user_post` VALUES (1, 1);
INSERT INTO `sys_user_post` VALUES (2, 2);

-- ----------------------------
-- Table structure for sys_user_role
-- ----------------------------
DROP TABLE IF EXISTS `sys_user_role`;
CREATE TABLE `sys_user_role`  (
  `user_id` bigint NOT NULL COMMENT 'ID',
  `role_id` bigint NOT NULL COMMENT 'ID',
  PRIMARY KEY (`user_id`, `role_id`) USING BTREE
) ENGINE = InnoDB CHARACTER SET = utf8 COLLATE = utf8_general_ci COMMENT = '' ROW_FORMAT = Dynamic;

-- ----------------------------
-- Records of sys_user_role
-- ----------------------------
INSERT INTO `sys_user_role` VALUES (1, 1);
INSERT INTO `sys_user_role` VALUES (2, 2);
INSERT INTO `sys_user_role` VALUES (100, 100);
INSERT INTO `sys_user_role` VALUES (101, 101);
INSERT INTO `sys_user_role` VALUES (102, 2);
INSERT INTO `sys_user_role` VALUES (103, 100);
INSERT INTO `sys_user_role` VALUES (104, 101);

-- ----------------------------
-- Table structure for xzt_garage_price
-- ----------------------------
DROP TABLE IF EXISTS `xzt_garage_price`;
CREATE TABLE `xzt_garage_price`  (
  `id` int NOT NULL AUTO_INCREMENT COMMENT '',
  `p_id` int NULL DEFAULT NULL COMMENT 'id',
  `garage_type_or_name` varchar(100) CHARACTER SET utf8 COLLATE utf8_general_ci NULL DEFAULT NULL COMMENT ' ',
  `day_or_month_price` int NULL DEFAULT NULL COMMENT '/',
  `fixed_price` int NULL DEFAULT NULL COMMENT '7',
  `creater_id` int NULL DEFAULT NULL COMMENT 'id',
  `create_time` datetime NOT NULL DEFAULT CURRENT_TIMESTAMP ON UPDATE CURRENT_TIMESTAMP COMMENT '',
  `del_flag` tinyint(1) NOT NULL DEFAULT 0 COMMENT ': 0: 1',
  PRIMARY KEY (`id`) USING BTREE
) ENGINE = InnoDB AUTO_INCREMENT = 17 CHARACTER SET = utf8 COLLATE = utf8_general_ci ROW_FORMAT = DYNAMIC;

-- ----------------------------
-- Records of xzt_garage_price
-- ----------------------------
INSERT INTO `xzt_garage_price` VALUES (1, 0, '', NULL, NULL, NULL, '2023-11-06 14:08:13', 0);
INSERT INTO `xzt_garage_price` VALUES (2, 0, '', NULL, NULL, NULL, '2023-11-06 14:08:13', 0);
INSERT INTO `xzt_garage_price` VALUES (3, 0, '77', NULL, NULL, NULL, '2023-11-06 14:08:13', 0);
INSERT INTO `xzt_garage_price` VALUES (5, 1, '', 5, NULL, NULL, '2023-11-06 14:13:33', 0);
INSERT INTO `xzt_garage_price` VALUES (6, 1, '', 10, NULL, NULL, '2023-11-06 14:13:33', 0);
INSERT INTO `xzt_garage_price` VALUES (7, 1, '', 10, NULL, NULL, '2023-11-06 14:13:33', 0);
INSERT INTO `xzt_garage_price` VALUES (8, 2, '', 280, NULL, NULL, '2023-11-06 14:13:33', 0);
INSERT INTO `xzt_garage_price` VALUES (9, 2, '', 500, NULL, NULL, '2023-11-06 14:13:33', 0);
INSERT INTO `xzt_garage_price` VALUES (10, 3, '', 350, 150, NULL, '2023-11-06 14:13:33', 0);
INSERT INTO `xzt_garage_price` VALUES (13, 1, '', 0, 0, NULL, '2023-11-10 15:20:40', 0);
INSERT INTO `xzt_garage_price` VALUES (14, 1, '', 0, 0, NULL, '2023-11-10 15:20:58', 0);
INSERT INTO `xzt_garage_price` VALUES (15, 1, '', 0, 0, NULL, '2023-11-10 15:21:19', 0);
INSERT INTO `xzt_garage_price` VALUES (16, 1, '', 0, 0, NULL, '2023-11-10 15:22:09', 0);

SET FOREIGN_KEY_CHECKS = 1;
